system,knowledge_level,threshold,n_runs,n_detected_before,n_detected_after,n_missed,n_false_alarm,n_no_event,detection_rate,false_alarm_rate,n_lead_defined,lead_median_slices,lead_p10_slices,lead_p90_slices,lead_mean_slices,git_sha,source_file,ablation_axis
dbn_hard_evidence,blind,0.05,30,18,12,0,0,0,1.0,,30,1.0,0.0,22.0,7.9,0ba387c649f0f42a31bd4b0967b021ccf4c2220f,exp09_robustness_curve_20260810T091537Z.csv,adversarial_robustness
dbn_hard_evidence,blind,0.07,30,18,12,0,0,0,1.0,,30,1.0,0.0,22.0,7.9,0ba387c649f0f42a31bd4b0967b021ccf4c2220f,exp09_robustness_curve_20260810T091537Z.csv,adversarial_robustness
dbn_hard_evidence,blind,0.09,30,18,12,0,0,0,1.0,,30,1.0,0.0,22.0,7.9,0ba387c649f0f42a31bd4b0967b021ccf4c2220f,exp09_robustness_curve_20260810T091537Z.csv,adversarial_robustness
dbn_hard_evidence,blind,0.11,30,18,12,0,0,0,1.0,,30,1.0,0.0,22.0,7.9,0ba387c649f0f42a31bd4b0967b021ccf4c2220f,exp09_robustness_curve_20260810T091537Z.csv,adversarial_robustness
dbn_hard_evidence,blind,0.13,30,18,12,0,0,0,1.0,,30,1.0,0.0,22.0,7.9,0ba387c649f0f42a31bd4b0967b021ccf4c2220f,exp09_robustness_curve_20260810T091537Z.csv,adversarial_robustness
dbn_hard_evidence,blind,0.15,30,18,12,0,0,0,1.0,,30,1.0,0.0,22.0,7.9,0ba387c649f0f42a31bd4b0967b021ccf4c2220f,exp09_robustness_curve_20260810T091537Z.csv,adversarial_robustness
dbn_hard_evidence,blind,0.17,30,18,12,0,0,0,1.0,,30,1.0,0.0,22.0,7.9,0ba387c649f0f42a31bd4b0967b021ccf4c2220f,exp09_robustness_curve_20260810T091537Z.csv,adversarial_robustness
dbn_hard_evidence,blind,0.19,30,18,12,0,0,0,1.0,,30,1.0,0.0,22.0,7.9,0ba387c649f0f42a31bd4b0967b021ccf4c2220f,exp09_robustness_curve_20260810T091537Z.csv,adversarial_robustness
dbn_hard_evidence,blind,0.21,30,18,12,0,0,0,1.0,,30,1.0,0.0,22.0,7.9,0ba387c649f0f42a31bd4b0967b021ccf4c2220f,exp09_robustness_curve_20260810T091537Z.csv,adversarial_robustness
dbn_hard_evidence,blind,0.23,30,18,12,0,0,0,1.0,,30,1.0,0.0,22.0,7.9,0ba387c649f0f42a31bd4b0967b021ccf4c2220f,exp09_robustness_curve_20260810T091537Z.csv,adversarial_robustness
dbn_hard_evidence,blind,0.25,30,18,12,0,0,0,1.0,,30,1.0,0.0,22.0,7.9,0ba387c649f0f42a31bd4b0967b021ccf4c2220f,exp09_robustness_curve_20260810T091537Z.csv,adversarial_robustness
dbn_hard_evidence,blind,0.27,30,18,12,0,0,0,1.0,,30,1.0,0.0,22.0,7.9,0ba387c649f0f42a31bd4b0967b021ccf4c2220f,exp09_robustness_curve_20260810T091537Z.csv,adversarial_robustness
dbn_hard_evidence,blind,0.29,30,18,12,0,0,0,1.0,,30,1.0,0.0,22.0,7.9,0ba387c649f0f42a31bd4b0967b021ccf4c2220f,exp09_robustness_curve_20260810T091537Z.csv,adversarial_robustness
dbn_hard_evidence,blind,0.31,30,18,12,0,0,0,1.0,,30,1.0,0.0,22.0,7.9,0ba387c649f0f42a31bd4b0967b021ccf4c2220f,exp09_robustness_curve_20260810T091537Z.csv,adversarial_robustness
dbn_hard_evidence,blind,0.33,30,18,12,0,0,0,1.0,,30,1.0,0.0,22.0,7.9,0ba387c649f0f42a31bd4b0967b021ccf4c2220f,exp09_robustness_curve_20260810T091537Z.csv,adversarial_robustness
dbn_hard_evidence,blind,0.35,30,18,12,0,0,0,1.0,,30,1.0,0.0,22.0,7.9,0ba387c649f0f42a31bd4b0967b021ccf4c2220f,exp09_robustness_curve_20260810T091537Z.csv,adversarial_robustness
dbn_hard_evidence,blind,0.37,30,18,12,0,0,0,1.0,,30,1.0,0.0,22.0,7.9,0ba387c649f0f42a31bd4b0967b021ccf4c2220f,exp09_robustness_curve_20260810T091537Z.csv,adversarial_robustness
dbn_hard_evidence,blind,0.39,30,18,12,0,0,0,1.0,,30,1.0,0.0,22.0,7.9,0ba387c649f0f42a31bd4b0967b021ccf4c2220f,exp09_robustness_curve_20260810T091537Z.csv,adversarial_robustness
dbn_hard_evidence,blind,0.41,30,18,12,0,0,0,1.0,,30,1.0,0.0,22.0,7.9,0ba387c649f0f42a31bd4b0967b021ccf4c2220f,exp09_robustness_curve_20260810T091537Z.csv,adversarial_robustness
dbn_hard_evidence,blind,0.43,30,18,12,0,0,0,1.0,,30,1.0,0.0,22.0,7.9,0ba387c649f0f42a31bd4b0967b021ccf4c2220f,exp09_robustness_curve_20260810T091537Z.csv,adversarial_robustness
dbn_hard_evidence,blind,0.45,30,18,12,0,0,0,1.0,,30,1.0,0.0,22.0,7.9,0ba387c649f0f42a31bd4b0967b021ccf4c2220f,exp09_robustness_curve_20260810T091537Z.csv,adversarial_robustness
dbn_hard_evidence,blind,0.47,30,18,12,0,0,0,1.0,,30,1.0,0.0,22.0,7.9,0ba387c649f0f42a31bd4b0967b021ccf4c2220f,exp09_robustness_curve_20260810T091537Z.csv,adversarial_robustness
dbn_hard_evidence,blind,0.49,30,18,12,0,0,0,1.0,,30,1.0,0.0,22.0,7.9,0ba387c649f0f42a31bd4b0967b021ccf4c2220f,exp09_robustness_curve_20260810T091537Z.csv,adversarial_robustness
dbn_hard_evidence,blind,0.51,30,18,12,0,0,0,1.0,,30,1.0,0.0,22.0,7.9,0ba387c649f0f42a31bd4b0967b021ccf4c2220f,exp09_robustness_curve_20260810T091537Z.csv,adversarial_robustness
dbn_hard_evidence,blind,0.53,30,18,12,0,0,0,1.0,,30,1.0,0.0,22.0,7.9,0ba387c649f0f42a31bd4b0967b021ccf4c2220f,exp09_robustness_curve_20260810T091537Z.csv,adversarial_robustness
dbn_hard_evidence,blind,0.55,30,18,12,0,0,0,1.0,,30,1.0,0.0,22.0,7.9,0ba387c649f0f42a31bd4b0967b021ccf4c2220f,exp09_robustness_curve_20260810T091537Z.csv,adversarial_robustness
dbn_hard_evidence,blind,0.57,30,18,12,0,0,0,1.0,,30,1.0,0.0,22.0,7.9,0ba387c649f0f42a31bd4b0967b021ccf4c2220f,exp09_robustness_curve_20260810T091537Z.csv,adversarial_robustness
dbn_hard_evidence,blind,0.59,30,18,12,0,0,0,1.0,,30,1.0,0.0,22.0,7.9,0ba387c649f0f42a31bd4b0967b021ccf4c2220f,exp09_robustness_curve_20260810T091537Z.csv,adversarial_robustness
dbn_hard_evidence,blind,0.61,30,18,12,0,0,0,1.0,,30,1.0,0.0,22.0,7.9,0ba387c649f0f42a31bd4b0967b021ccf4c2220f,exp09_robustness_curve_20260810T091537Z.csv,adversarial_robustness
dbn_hard_evidence,blind,0.63,30,18,12,0,0,0,1.0,,30,1.0,0.0,22.0,7.9,0ba387c649f0f42a31bd4b0967b021ccf4c2220f,exp09_robustness_curve_20260810T091537Z.csv,adversarial_robustness
dbn_hard_evidence,blind,0.65,30,18,12,0,0,0,1.0,,30,1.0,0.0,22.0,7.9,0ba387c649f0f42a31bd4b0967b021ccf4c2220f,exp09_robustness_curve_20260810T091537Z.csv,adversarial_robustness
dbn_hard_evidence,blind,0.67,30,18,12,0,0,0,1.0,,30,1.0,0.0,22.0,7.9,0ba387c649f0f42a31bd4b0967b021ccf4c2220f,exp09_robustness_curve_20260810T091537Z.csv,adversarial_robustness
dbn_hard_evidence,blind,0.69,30,17,13,0,0,0,1.0,,30,1.0,0.0,22.0,7.766666666666667,0ba387c649f0f42a31bd4b0967b021ccf4c2220f,exp09_robustness_curve_20260810T091537Z.csv,adversarial_robustness
dbn_hard_evidence,blind,0.71,30,3,27,0,0,0,1.0,,30,0.0,-20.0,0.0,-3.3333333333333335,0ba387c649f0f42a31bd4b0967b021ccf4c2220f,exp09_robustness_curve_20260810T091537Z.csv,adversarial_robustness
dbn_hard_evidence,blind,0.73,30,3,27,0,0,0,1.0,,30,0.0,-20.0,0.0,-3.3333333333333335,0ba387c649f0f42a31bd4b0967b021ccf4c2220f,exp09_robustness_curve_20260810T091537Z.csv,adversarial_robustness
dbn_hard_evidence,blind,0.75,30,3,27,0,0,0,1.0,,30,0.0,-20.0,0.0,-3.3333333333333335,0ba387c649f0f42a31bd4b0967b021ccf4c2220f,exp09_robustness_curve_20260810T091537Z.csv,adversarial_robustness
dbn_hard_evidence,blind,0.77,30,3,27,0,0,0,1.0,,30,0.0,-20.0,0.0,-3.3333333333333335,0ba387c649f0f42a31bd4b0967b021ccf4c2220f,exp09_robustness_curve_20260810T091537Z.csv,adversarial_robustness
dbn_hard_evidence,blind,0.79,30,3,27,0,0,0,1.0,,30,0.0,-20.0,0.0,-3.533333333333333,0ba387c649f0f42a31bd4b0967b021ccf4c2220f,exp09_robustness_curve_20260810T091537Z.csv,adversarial_robustness
dbn_hard_evidence,blind,0.81,30,3,27,0,0,0,1.0,,30,0.0,-29.0,0.0,-7.266666666666667,0ba387c649f0f42a31bd4b0967b021ccf4c2220f,exp09_robustness_curve_20260810T091537Z.csv,adversarial_robustness
dbn_hard_evidence,blind,0.83,30,3,27,0,0,0,1.0,,30,0.0,-29.0,0.0,-7.266666666666667,0ba387c649f0f42a31bd4b0967b021ccf4c2220f,exp09_robustness_curve_20260810T091537Z.csv,adversarial_robustness
dbn_hard_evidence,blind,0.85,30,3,27,0,0,0,1.0,,30,0.0,-29.0,0.0,-7.266666666666667,0ba387c649f0f42a31bd4b0967b021ccf4c2220f,exp09_robustness_curve_20260810T091537Z.csv,adversarial_robustness
dbn_hard_evidence,blind,0.87,30,3,27,0,0,0,1.0,,30,0.0,-29.0,0.0,-7.266666666666667,0ba387c649f0f42a31bd4b0967b021ccf4c2220f,exp09_robustness_curve_20260810T091537Z.csv,adversarial_robustness
dbn_hard_evidence,blind,0.89,30,3,27,0,0,0,1.0,,30,0.0,-29.0,0.0,-7.266666666666667,0ba387c649f0f42a31bd4b0967b021ccf4c2220f,exp09_robustness_curve_20260810T091537Z.csv,adversarial_robustness
dbn_hard_evidence,blind,0.91,30,3,27,0,0,0,1.0,,30,0.0,-29.0,0.0,-7.266666666666667,0ba387c649f0f42a31bd4b0967b021ccf4c2220f,exp09_robustness_curve_20260810T091537Z.csv,adversarial_robustness
dbn_hard_evidence,blind,0.93,30,3,27,0,0,0,1.0,,30,0.0,-29.0,0.0,-7.266666666666667,0ba387c649f0f42a31bd4b0967b021ccf4c2220f,exp09_robustness_curve_20260810T091537Z.csv,adversarial_robustness
dbn_hard_evidence,blind,0.95,30,0,30,0,0,0,1.0,,30,-11.0,-130.0,0.0,-45.333333333333336,0ba387c649f0f42a31bd4b0967b021ccf4c2220f,exp09_robustness_curve_20260810T091537Z.csv,adversarial_robustness
dbn_hard_evidence,blind,0.97,30,0,30,0,0,0,1.0,,30,-11.0,-130.0,0.0,-45.333333333333336,0ba387c649f0f42a31bd4b0967b021ccf4c2220f,exp09_robustness_curve_20260810T091537Z.csv,adversarial_robustness
dbn_hard_evidence,blind,0.99,30,0,30,0,0,0,1.0,,30,-11.0,-130.0,0.0,-45.6,0ba387c649f0f42a31bd4b0967b021ccf4c2220f,exp09_robustness_curve_20260810T091537Z.csv,adversarial_robustness
dbn_hard_evidence,analytics,0.05,30,0,25,0,5,0,1.0,1.0,25,0.0,0.0,0.0,0.0,0ba387c649f0f42a31bd4b0967b021ccf4c2220f,exp09_robustness_curve_20260810T091537Z.csv,adversarial_robustness
dbn_hard_evidence,analytics,0.07,30,0,25,0,5,0,1.0,1.0,25,0.0,0.0,0.0,0.0,0ba387c649f0f42a31bd4b0967b021ccf4c2220f,exp09_robustness_curve_20260810T091537Z.csv,adversarial_robustness
dbn_hard_evidence,analytics,0.09,30,0,25,0,5,0,1.0,1.0,25,0.0,0.0,0.0,0.0,0ba387c649f0f42a31bd4b0967b021ccf4c2220f,exp09_robustness_curve_20260810T091537Z.csv,adversarial_robustness
dbn_hard_evidence,analytics,0.11,30,0,25,0,5,0,1.0,1.0,25,0.0,0.0,0.0,0.0,0ba387c649f0f42a31bd4b0967b021ccf4c2220f,exp09_robustness_curve_20260810T091537Z.csv,adversarial_robustness
dbn_hard_evidence,analytics,0.13,30,0,25,0,5,0,1.0,1.0,25,0.0,0.0,0.0,0.0,0ba387c649f0f42a31bd4b0967b021ccf4c2220f,exp09_robustness_curve_20260810T091537Z.csv,adversarial_robustness
dbn_hard_evidence,analytics,0.15,30,0,25,0,5,0,1.0,1.0,25,0.0,0.0,0.0,0.0,0ba387c649f0f42a31bd4b0967b021ccf4c2220f,exp09_robustness_curve_20260810T091537Z.csv,adversarial_robustness
dbn_hard_evidence,analytics,0.17,30,0,25,0,5,0,1.0,1.0,25,0.0,0.0,0.0,0.0,0ba387c649f0f42a31bd4b0967b021ccf4c2220f,exp09_robustness_curve_20260810T091537Z.csv,adversarial_robustness
dbn_hard_evidence,analytics,0.19,30,0,25,0,5,0,1.0,1.0,25,0.0,0.0,0.0,0.0,0ba387c649f0f42a31bd4b0967b021ccf4c2220f,exp09_robustness_curve_20260810T091537Z.csv,adversarial_robustness
dbn_hard_evidence,analytics,0.21,30,0,25,0,5,0,1.0,1.0,25,0.0,0.0,0.0,0.0,0ba387c649f0f42a31bd4b0967b021ccf4c2220f,exp09_robustness_curve_20260810T091537Z.csv,adversarial_robustness
dbn_hard_evidence,analytics,0.23,30,0,25,0,5,0,1.0,1.0,25,0.0,0.0,0.0,0.0,0ba387c649f0f42a31bd4b0967b021ccf4c2220f,exp09_robustness_curve_20260810T091537Z.csv,adversarial_robustness
dbn_hard_evidence,analytics,0.25,30,0,25,0,5,0,1.0,1.0,25,0.0,0.0,0.0,0.0,0ba387c649f0f42a31bd4b0967b021ccf4c2220f,exp09_robustness_curve_20260810T091537Z.csv,adversarial_robustness
dbn_hard_evidence,analytics,0.27,30,0,25,0,5,0,1.0,1.0,25,0.0,0.0,0.0,0.0,0ba387c649f0f42a31bd4b0967b021ccf4c2220f,exp09_robustness_curve_20260810T091537Z.csv,adversarial_robustness
dbn_hard_evidence,analytics,0.29,30,0,25,0,5,0,1.0,1.0,25,0.0,0.0,0.0,0.0,0ba387c649f0f42a31bd4b0967b021ccf4c2220f,exp09_robustness_curve_20260810T091537Z.csv,adversarial_robustness
dbn_hard_evidence,analytics,0.31,30,0,25,0,5,0,1.0,1.0,25,0.0,0.0,0.0,0.0,0ba387c649f0f42a31bd4b0967b021ccf4c2220f,exp09_robustness_curve_20260810T091537Z.csv,adversarial_robustness
dbn_hard_evidence,analytics,0.33,30,0,25,0,5,0,1.0,1.0,25,0.0,0.0,0.0,0.0,0ba387c649f0f42a31bd4b0967b021ccf4c2220f,exp09_robustness_curve_20260810T091537Z.csv,adversarial_robustness
dbn_hard_evidence,analytics,0.35,30,0,25,0,5,0,1.0,1.0,25,0.0,0.0,0.0,0.0,0ba387c649f0f42a31bd4b0967b021ccf4c2220f,exp09_robustness_curve_20260810T091537Z.csv,adversarial_robustness
dbn_hard_evidence,analytics,0.37,30,0,25,0,5,0,1.0,1.0,25,0.0,0.0,0.0,0.0,0ba387c649f0f42a31bd4b0967b021ccf4c2220f,exp09_robustness_curve_20260810T091537Z.csv,adversarial_robustness
dbn_hard_evidence,analytics,0.39,30,0,25,0,5,0,1.0,1.0,25,0.0,0.0,0.0,0.0,0ba387c649f0f42a31bd4b0967b021ccf4c2220f,exp09_robustness_curve_20260810T091537Z.csv,adversarial_robustness
dbn_hard_evidence,analytics,0.41,30,0,25,0,5,0,1.0,1.0,25,0.0,0.0,0.0,0.0,0ba387c649f0f42a31bd4b0967b021ccf4c2220f,exp09_robustness_curve_20260810T091537Z.csv,adversarial_robustness
dbn_hard_evidence,analytics,0.43,30,0,25,0,5,0,1.0,1.0,25,0.0,0.0,0.0,0.0,0ba387c649f0f42a31bd4b0967b021ccf4c2220f,exp09_robustness_curve_20260810T091537Z.csv,adversarial_robustness
dbn_hard_evidence,analytics,0.45,30,0,25,0,5,0,1.0,1.0,25,0.0,0.0,0.0,0.0,0ba387c649f0f42a31bd4b0967b021ccf4c2220f,exp09_robustness_curve_20260810T091537Z.csv,adversarial_robustness
dbn_hard_evidence,analytics,0.47,30,0,25,0,5,0,1.0,1.0,25,0.0,0.0,0.0,0.0,0ba387c649f0f42a31bd4b0967b021ccf4c2220f,exp09_robustness_curve_20260810T091537Z.csv,adversarial_robustness
dbn_hard_evidence,analytics,0.49,30,0,25,0,5,0,1.0,1.0,25,0.0,0.0,0.0,0.0,0ba387c649f0f42a31bd4b0967b021ccf4c2220f,exp09_robustness_curve_20260810T091537Z.csv,adversarial_robustness
dbn_hard_evidence,analytics,0.51,30,0,25,0,5,0,1.0,1.0,25,0.0,0.0,0.0,0.0,0ba387c649f0f42a31bd4b0967b021ccf4c2220f,exp09_robustness_curve_20260810T091537Z.csv,adversarial_robustness
dbn_hard_evidence,analytics,0.53,30,0,25,0,5,0,1.0,1.0,25,0.0,0.0,0.0,0.0,0ba387c649f0f42a31bd4b0967b021ccf4c2220f,exp09_robustness_curve_20260810T091537Z.csv,adversarial_robustness
dbn_hard_evidence,analytics,0.55,30,0,25,0,5,0,1.0,1.0,25,0.0,0.0,0.0,0.0,0ba387c649f0f42a31bd4b0967b021ccf4c2220f,exp09_robustness_curve_20260810T091537Z.csv,adversarial_robustness
dbn_hard_evidence,analytics,0.57,30,0,25,0,5,0,1.0,1.0,25,0.0,0.0,0.0,0.0,0ba387c649f0f42a31bd4b0967b021ccf4c2220f,exp09_robustness_curve_20260810T091537Z.csv,adversarial_robustness
dbn_hard_evidence,analytics,0.59,30,0,25,0,5,0,1.0,1.0,25,0.0,0.0,0.0,0.0,0ba387c649f0f42a31bd4b0967b021ccf4c2220f,exp09_robustness_curve_20260810T091537Z.csv,adversarial_robustness
dbn_hard_evidence,analytics,0.61,30,0,25,0,5,0,1.0,1.0,25,0.0,0.0,0.0,0.0,0ba387c649f0f42a31bd4b0967b021ccf4c2220f,exp09_robustness_curve_20260810T091537Z.csv,adversarial_robustness
dbn_hard_evidence,analytics,0.63,30,0,25,0,5,0,1.0,1.0,25,0.0,0.0,0.0,0.0,0ba387c649f0f42a31bd4b0967b021ccf4c2220f,exp09_robustness_curve_20260810T091537Z.csv,adversarial_robustness
dbn_hard_evidence,analytics,0.65,30,0,25,0,5,0,1.0,1.0,25,0.0,0.0,0.0,0.0,0ba387c649f0f42a31bd4b0967b021ccf4c2220f,exp09_robustness_curve_20260810T091537Z.csv,adversarial_robustness
dbn_hard_evidence,analytics,0.67,30,0,25,0,5,0,1.0,1.0,25,0.0,0.0,0.0,0.0,0ba387c649f0f42a31bd4b0967b021ccf4c2220f,exp09_robustness_curve_20260810T091537Z.csv,adversarial_robustness
dbn_hard_evidence,analytics,0.69,30,0,25,0,5,0,1.0,1.0,25,0.0,0.0,0.0,0.0,0ba387c649f0f42a31bd4b0967b021ccf4c2220f,exp09_robustness_curve_20260810T091537Z.csv,adversarial_robustness
dbn_hard_evidence,analytics,0.71,30,0,25,0,5,0,1.0,1.0,25,0.0,0.0,0.0,0.0,0ba387c649f0f42a31bd4b0967b021ccf4c2220f,exp09_robustness_curve_20260810T091537Z.csv,adversarial_robustness
dbn_hard_evidence,analytics,0.73,30,0,25,0,5,0,1.0,1.0,25,0.0,0.0,0.0,0.0,0ba387c649f0f42a31bd4b0967b021ccf4c2220f,exp09_robustness_curve_20260810T091537Z.csv,adversarial_robustness
dbn_hard_evidence,analytics,0.75,30,0,25,0,5,0,1.0,1.0,25,0.0,0.0,0.0,0.0,0ba387c649f0f42a31bd4b0967b021ccf4c2220f,exp09_robustness_curve_20260810T091537Z.csv,adversarial_robustness
dbn_hard_evidence,analytics,0.77,30,0,25,0,5,0,1.0,1.0,25,0.0,0.0,0.0,0.0,0ba387c649f0f42a31bd4b0967b021ccf4c2220f,exp09_robustness_curve_20260810T091537Z.csv,adversarial_robustness
dbn_hard_evidence,analytics,0.79,30,0,25,0,5,0,1.0,1.0,25,-1.0,-1.0,-1.0,-1.0,0ba387c649f0f42a31bd4b0967b021ccf4c2220f,exp09_robustness_curve_20260810T091537Z.csv,adversarial_robustness
dbn_hard_evidence,analytics,0.81,30,0,0,25,0,5,0.0,0.0,0,,,,,0ba387c649f0f42a31bd4b0967b021ccf4c2220f,exp09_robustness_curve_20260810T091537Z.csv,adversarial_robustness
dbn_hard_evidence,analytics,0.83,30,0,0,25,0,5,0.0,0.0,0,,,,,0ba387c649f0f42a31bd4b0967b021ccf4c2220f,exp09_robustness_curve_20260810T091537Z.csv,adversarial_robustness
dbn_hard_evidence,analytics,0.85,30,0,0,25,0,5,0.0,0.0,0,,,,,0ba387c649f0f42a31bd4b0967b021ccf4c2220f,exp09_robustness_curve_20260810T091537Z.csv,adversarial_robustness
dbn_hard_evidence,analytics,0.87,30,0,0,25,0,5,0.0,0.0,0,,,,,0ba387c649f0f42a31bd4b0967b021ccf4c2220f,exp09_robustness_curve_20260810T091537Z.csv,adversarial_robustness
dbn_hard_evidence,analytics,0.89,30,0,0,25,0,5,0.0,0.0,0,,,,,0ba387c649f0f42a31bd4b0967b021ccf4c2220f,exp09_robustness_curve_20260810T091537Z.csv,adversarial_robustness
dbn_hard_evidence,analytics,0.91,30,0,0,25,0,5,0.0,0.0,0,,,,,0ba387c649f0f42a31bd4b0967b021ccf4c2220f,exp09_robustness_curve_20260810T091537Z.csv,adversarial_robustness
dbn_hard_evidence,analytics,0.93,30,0,0,25,0,5,0.0,0.0,0,,,,,0ba387c649f0f42a31bd4b0967b021ccf4c2220f,exp09_robustness_curve_20260810T091537Z.csv,adversarial_robustness
dbn_hard_evidence,analytics,0.95,30,0,0,25,0,5,0.0,0.0,0,,,,,0ba387c649f0f42a31bd4b0967b021ccf4c2220f,exp09_robustness_curve_20260810T091537Z.csv,adversarial_robustness
dbn_hard_evidence,analytics,0.97,30,0,0,25,0,5,0.0,0.0,0,,,,,0ba387c649f0f42a31bd4b0967b021ccf4c2220f,exp09_robustness_curve_20260810T091537Z.csv,adversarial_robustness
dbn_hard_evidence,analytics,0.99,30,0,0,25,0,5,0.0,0.0,0,,,,,0ba387c649f0f42a31bd4b0967b021ccf4c2220f,exp09_robustness_curve_20260810T091537Z.csv,adversarial_robustness
dbn_hard_evidence,full_dbn,0.05,30,17,13,0,0,0,1.0,,30,1.0,0.0,56.0,15.233333333333333,0ba387c649f0f42a31bd4b0967b021ccf4c2220f,exp09_robustness_curve_20260810T091537Z.csv,adversarial_robustness
dbn_hard_evidence,full_dbn,0.07,30,17,13,0,0,0,1.0,,30,1.0,0.0,56.0,15.233333333333333,0ba387c649f0f42a31bd4b0967b021ccf4c2220f,exp09_robustness_curve_20260810T091537Z.csv,adversarial_robustness
dbn_hard_evidence,full_dbn,0.09,30,17,13,0,0,0,1.0,,30,1.0,0.0,56.0,15.233333333333333,0ba387c649f0f42a31bd4b0967b021ccf4c2220f,exp09_robustness_curve_20260810T091537Z.csv,adversarial_robustness
dbn_hard_evidence,full_dbn,0.11,30,17,13,0,0,0,1.0,,30,1.0,0.0,56.0,15.233333333333333,0ba387c649f0f42a31bd4b0967b021ccf4c2220f,exp09_robustness_curve_20260810T091537Z.csv,adversarial_robustness
dbn_hard_evidence,full_dbn,0.13,30,17,13,0,0,0,1.0,,30,1.0,0.0,56.0,15.233333333333333,0ba387c649f0f42a31bd4b0967b021ccf4c2220f,exp09_robustness_curve_20260810T091537Z.csv,adversarial_robustness
dbn_hard_evidence,full_dbn,0.15,30,17,13,0,0,0,1.0,,30,1.0,0.0,56.0,15.233333333333333,0ba387c649f0f42a31bd4b0967b021ccf4c2220f,exp09_robustness_curve_20260810T091537Z.csv,adversarial_robustness
dbn_hard_evidence,full_dbn,0.17,30,17,13,0,0,0,1.0,,30,1.0,0.0,56.0,15.233333333333333,0ba387c649f0f42a31bd4b0967b021ccf4c2220f,exp09_robustness_curve_20260810T091537Z.csv,adversarial_robustness
dbn_hard_evidence,full_dbn,0.19,30,17,13,0,0,0,1.0,,30,1.0,0.0,56.0,15.233333333333333,0ba387c649f0f42a31bd4b0967b021ccf4c2220f,exp09_robustness_curve_20260810T091537Z.csv,adversarial_robustness
dbn_hard_evidence,full_dbn,0.21,30,17,13,0,0,0,1.0,,30,1.0,0.0,56.0,15.233333333333333,0ba387c649f0f42a31bd4b0967b021ccf4c2220f,exp09_robustness_curve_20260810T091537Z.csv,adversarial_robustness
dbn_hard_evidence,full_dbn,0.23,30,17,13,0,0,0,1.0,,30,1.0,0.0,56.0,15.233333333333333,0ba387c649f0f42a31bd4b0967b021ccf4c2220f,exp09_robustness_curve_20260810T091537Z.csv,adversarial_robustness
dbn_hard_evidence,full_dbn,0.25,30,17,13,0,0,0,1.0,,30,1.0,0.0,56.0,15.233333333333333,0ba387c649f0f42a31bd4b0967b021ccf4c2220f,exp09_robustness_curve_20260810T091537Z.csv,adversarial_robustness
dbn_hard_evidence,full_dbn,0.27,30,17,13,0,0,0,1.0,,30,1.0,0.0,56.0,15.233333333333333,0ba387c649f0f42a31bd4b0967b021ccf4c2220f,exp09_robustness_curve_20260810T091537Z.csv,adversarial_robustness
dbn_hard_evidence,full_dbn,0.29,30,17,13,0,0,0,1.0,,30,1.0,0.0,56.0,15.233333333333333,0ba387c649f0f42a31bd4b0967b021ccf4c2220f,exp09_robustness_curve_20260810T091537Z.csv,adversarial_robustness
dbn_hard_evidence,full_dbn,0.31,30,17,13,0,0,0,1.0,,30,1.0,0.0,56.0,15.233333333333333,0ba387c649f0f42a31bd4b0967b021ccf4c2220f,exp09_robustness_curve_20260810T091537Z.csv,adversarial_robustness
dbn_hard_evidence,full_dbn,0.33,30,17,13,0,0,0,1.0,,30,1.0,0.0,56.0,15.233333333333333,0ba387c649f0f42a31bd4b0967b021ccf4c2220f,exp09_robustness_curve_20260810T091537Z.csv,adversarial_robustness
dbn_hard_evidence,full_dbn,0.35,30,17,13,0,0,0,1.0,,30,1.0,0.0,56.0,15.233333333333333,0ba387c649f0f42a31bd4b0967b021ccf4c2220f,exp09_robustness_curve_20260810T091537Z.csv,adversarial_robustness
dbn_hard_evidence,full_dbn,0.37,30,17,13,0,0,0,1.0,,30,1.0,0.0,56.0,15.233333333333333,0ba387c649f0f42a31bd4b0967b021ccf4c2220f,exp09_robustness_curve_20260810T091537Z.csv,adversarial_robustness
dbn_hard_evidence,full_dbn,0.39,30,17,13,0,0,0,1.0,,30,1.0,0.0,56.0,15.233333333333333,0ba387c649f0f42a31bd4b0967b021ccf4c2220f,exp09_robustness_curve_20260810T091537Z.csv,adversarial_robustness
dbn_hard_evidence,full_dbn,0.41,30,17,13,0,0,0,1.0,,30,1.0,0.0,56.0,15.233333333333333,0ba387c649f0f42a31bd4b0967b021ccf4c2220f,exp09_robustness_curve_20260810T091537Z.csv,adversarial_robustness
dbn_hard_evidence,full_dbn,0.43,30,17,13,0,0,0,1.0,,30,1.0,0.0,56.0,15.233333333333333,0ba387c649f0f42a31bd4b0967b021ccf4c2220f,exp09_robustness_curve_20260810T091537Z.csv,adversarial_robustness
dbn_hard_evidence,full_dbn,0.45,30,17,13,0,0,0,1.0,,30,1.0,0.0,56.0,15.233333333333333,0ba387c649f0f42a31bd4b0967b021ccf4c2220f,exp09_robustness_curve_20260810T091537Z.csv,adversarial_robustness
dbn_hard_evidence,full_dbn,0.47,30,17,13,0,0,0,1.0,,30,1.0,0.0,56.0,15.233333333333333,0ba387c649f0f42a31bd4b0967b021ccf4c2220f,exp09_robustness_curve_20260810T091537Z.csv,adversarial_robustness
dbn_hard_evidence,full_dbn,0.49,30,17,13,0,0,0,1.0,,30,1.0,0.0,56.0,15.233333333333333,0ba387c649f0f42a31bd4b0967b021ccf4c2220f,exp09_robustness_curve_20260810T091537Z.csv,adversarial_robustness
dbn_hard_evidence,full_dbn,0.51,30,17,13,0,0,0,1.0,,30,1.0,0.0,56.0,15.233333333333333,0ba387c649f0f42a31bd4b0967b021ccf4c2220f,exp09_robustness_curve_20260810T091537Z.csv,adversarial_robustness
dbn_hard_evidence,full_dbn,0.53,30,17,13,0,0,0,1.0,,30,1.0,0.0,56.0,15.233333333333333,0ba387c649f0f42a31bd4b0967b021ccf4c2220f,exp09_robustness_curve_20260810T091537Z.csv,adversarial_robustness
dbn_hard_evidence,full_dbn,0.55,30,17,13,0,0,0,1.0,,30,1.0,0.0,56.0,15.233333333333333,0ba387c649f0f42a31bd4b0967b021ccf4c2220f,exp09_robustness_curve_20260810T091537Z.csv,adversarial_robustness
dbn_hard_evidence,full_dbn,0.57,30,17,13,0,0,0,1.0,,30,1.0,0.0,56.0,15.233333333333333,0ba387c649f0f42a31bd4b0967b021ccf4c2220f,exp09_robustness_curve_20260810T091537Z.csv,adversarial_robustness
dbn_hard_evidence,full_dbn,0.59,30,17,13,0,0,0,1.0,,30,1.0,0.0,56.0,15.233333333333333,0ba387c649f0f42a31bd4b0967b021ccf4c2220f,exp09_robustness_curve_20260810T091537Z.csv,adversarial_robustness
dbn_hard_evidence,full_dbn,0.61,30,17,13,0,0,0,1.0,,30,1.0,0.0,56.0,15.233333333333333,0ba387c649f0f42a31bd4b0967b021ccf4c2220f,exp09_robustness_curve_20260810T091537Z.csv,adversarial_robustness
dbn_hard_evidence,full_dbn,0.63,30,17,13,0,0,0,1.0,,30,1.0,0.0,56.0,15.233333333333333,0ba387c649f0f42a31bd4b0967b021ccf4c2220f,exp09_robustness_curve_20260810T091537Z.csv,adversarial_robustness
dbn_hard_evidence,full_dbn,0.65,30,17,13,0,0,0,1.0,,30,1.0,0.0,56.0,15.233333333333333,0ba387c649f0f42a31bd4b0967b021ccf4c2220f,exp09_robustness_curve_20260810T091537Z.csv,adversarial_robustness
dbn_hard_evidence,full_dbn,0.67,30,17,13,0,0,0,1.0,,30,1.0,0.0,56.0,15.233333333333333,0ba387c649f0f42a31bd4b0967b021ccf4c2220f,exp09_robustness_curve_20260810T091537Z.csv,adversarial_robustness
dbn_hard_evidence,full_dbn,0.69,30,17,13,0,0,0,1.0,,30,1.0,0.0,56.0,15.2,0ba387c649f0f42a31bd4b0967b021ccf4c2220f,exp09_robustness_curve_20260810T091537Z.csv,adversarial_robustness
dbn_hard_evidence,full_dbn,0.71,30,3,27,0,0,0,1.0,,30,0.0,-35.0,0.0,-3.933333333333333,0ba387c649f0f42a31bd4b0967b021ccf4c2220f,exp09_robustness_curve_20260810T091537Z.csv,adversarial_robustness
dbn_hard_evidence,full_dbn,0.73,30,3,27,0,0,0,1.0,,30,0.0,-35.0,0.0,-3.933333333333333,0ba387c649f0f42a31bd4b0967b021ccf4c2220f,exp09_robustness_curve_20260810T091537Z.csv,adversarial_robustness
dbn_hard_evidence,full_dbn,0.75,30,3,27,0,0,0,1.0,,30,0.0,-35.0,0.0,-3.933333333333333,0ba387c649f0f42a31bd4b0967b021ccf4c2220f,exp09_robustness_curve_20260810T091537Z.csv,adversarial_robustness
dbn_hard_evidence,full_dbn,0.77,30,3,27,0,0,0,1.0,,30,0.0,-35.0,0.0,-3.933333333333333,0ba387c649f0f42a31bd4b0967b021ccf4c2220f,exp09_robustness_curve_20260810T091537Z.csv,adversarial_robustness
dbn_hard_evidence,full_dbn,0.79,30,3,27,0,0,0,1.0,,30,0.0,-35.0,0.0,-4.133333333333334,0ba387c649f0f42a31bd4b0967b021ccf4c2220f,exp09_robustness_curve_20260810T091537Z.csv,adversarial_robustness
dbn_hard_evidence,full_dbn,0.81,30,3,27,0,0,0,1.0,,30,0.0,-38.0,0.0,-6.9,0ba387c649f0f42a31bd4b0967b021ccf4c2220f,exp09_robustness_curve_20260810T091537Z.csv,adversarial_robustness
dbn_hard_evidence,full_dbn,0.83,30,3,27,0,0,0,1.0,,30,0.0,-38.0,0.0,-6.9,0ba387c649f0f42a31bd4b0967b021ccf4c2220f,exp09_robustness_curve_20260810T091537Z.csv,adversarial_robustness
dbn_hard_evidence,full_dbn,0.85,30,3,27,0,0,0,1.0,,30,0.0,-38.0,0.0,-6.9,0ba387c649f0f42a31bd4b0967b021ccf4c2220f,exp09_robustness_curve_20260810T091537Z.csv,adversarial_robustness
dbn_hard_evidence,full_dbn,0.87,30,3,27,0,0,0,1.0,,30,0.0,-38.0,0.0,-6.9,0ba387c649f0f42a31bd4b0967b021ccf4c2220f,exp09_robustness_curve_20260810T091537Z.csv,adversarial_robustness
dbn_hard_evidence,full_dbn,0.89,30,3,27,0,0,0,1.0,,30,0.0,-38.0,0.0,-6.9,0ba387c649f0f42a31bd4b0967b021ccf4c2220f,exp09_robustness_curve_20260810T091537Z.csv,adversarial_robustness
dbn_hard_evidence,full_dbn,0.91,30,3,27,0,0,0,1.0,,30,0.0,-38.0,0.0,-6.9,0ba387c649f0f42a31bd4b0967b021ccf4c2220f,exp09_robustness_curve_20260810T091537Z.csv,adversarial_robustness
dbn_hard_evidence,full_dbn,0.93,30,3,27,0,0,0,1.0,,30,0.0,-38.0,0.0,-6.9,0ba387c649f0f42a31bd4b0967b021ccf4c2220f,exp09_robustness_curve_20260810T091537Z.csv,adversarial_robustness
dbn_hard_evidence,full_dbn,0.95,30,0,30,0,0,0,1.0,,30,-7.0,-138.0,0.0,-34.06666666666667,0ba387c649f0f42a31bd4b0967b021ccf4c2220f,exp09_robustness_curve_20260810T091537Z.csv,adversarial_robustness
dbn_hard_evidence,full_dbn,0.97,30,0,30,0,0,0,1.0,,30,-7.0,-138.0,0.0,-34.06666666666667,0ba387c649f0f42a31bd4b0967b021ccf4c2220f,exp09_robustness_curve_20260810T091537Z.csv,adversarial_robustness
dbn_hard_evidence,full_dbn,0.99,30,0,30,0,0,0,1.0,,30,-7.0,-138.0,0.0,-34.3,0ba387c649f0f42a31bd4b0967b021ccf4c2220f,exp09_robustness_curve_20260810T091537Z.csv,adversarial_robustness
rule_based,blind,0.05,30,30,0,0,0,0,1.0,,30,21.0,7.0,54.0,29.066666666666663,0ba387c649f0f42a31bd4b0967b021ccf4c2220f,exp09_robustness_curve_20260810T091537Z.csv,adversarial_robustness
rule_based,blind,0.07,30,30,0,0,0,0,1.0,,30,21.0,7.0,54.0,29.066666666666663,0ba387c649f0f42a31bd4b0967b021ccf4c2220f,exp09_robustness_curve_20260810T091537Z.csv,adversarial_robustness
rule_based,blind,0.09,30,30,0,0,0,0,1.0,,30,21.0,7.0,54.0,29.066666666666663,0ba387c649f0f42a31bd4b0967b021ccf4c2220f,exp09_robustness_curve_20260810T091537Z.csv,adversarial_robustness
rule_based,blind,0.11,30,30,0,0,0,0,1.0,,30,21.0,7.0,54.0,29.066666666666663,0ba387c649f0f42a31bd4b0967b021ccf4c2220f,exp09_robustness_curve_20260810T091537Z.csv,adversarial_robustness
rule_based,blind,0.13,30,30,0,0,0,0,1.0,,30,21.0,5.0,54.0,28.433333333333337,0ba387c649f0f42a31bd4b0967b021ccf4c2220f,exp09_robustness_curve_20260810T091537Z.csv,adversarial_robustness
rule_based,blind,0.15,30,30,0,0,0,0,1.0,,30,21.0,5.0,54.0,28.433333333333337,0ba387c649f0f42a31bd4b0967b021ccf4c2220f,exp09_robustness_curve_20260810T091537Z.csv,adversarial_robustness
rule_based,blind,0.17,30,30,0,0,0,0,1.0,,30,21.0,5.0,54.0,28.433333333333337,0ba387c649f0f42a31bd4b0967b021ccf4c2220f,exp09_robustness_curve_20260810T091537Z.csv,adversarial_robustness
rule_based,blind,0.19,30,30,0,0,0,0,1.0,,30,21.0,5.0,54.0,28.433333333333337,0ba387c649f0f42a31bd4b0967b021ccf4c2220f,exp09_robustness_curve_20260810T091537Z.csv,adversarial_robustness
rule_based,blind,0.21,30,30,0,0,0,0,1.0,,30,21.0,5.0,54.0,28.433333333333337,0ba387c649f0f42a31bd4b0967b021ccf4c2220f,exp09_robustness_curve_20260810T091537Z.csv,adversarial_robustness
rule_based,blind,0.23,30,30,0,0,0,0,1.0,,30,21.0,5.0,54.0,28.433333333333337,0ba387c649f0f42a31bd4b0967b021ccf4c2220f,exp09_robustness_curve_20260810T091537Z.csv,adversarial_robustness
rule_based,blind,0.25,30,30,0,0,0,0,1.0,,30,21.0,5.0,54.0,28.433333333333337,0ba387c649f0f42a31bd4b0967b021ccf4c2220f,exp09_robustness_curve_20260810T091537Z.csv,adversarial_robustness
rule_based,blind,0.27,30,29,1,0,0,0,1.0,,30,20.0,4.0,53.0,27.2,0ba387c649f0f42a31bd4b0967b021ccf4c2220f,exp09_robustness_curve_20260810T091537Z.csv,adversarial_robustness
rule_based,blind,0.29,30,29,1,0,0,0,1.0,,30,20.0,4.0,53.0,27.2,0ba387c649f0f42a31bd4b0967b021ccf4c2220f,exp09_robustness_curve_20260810T091537Z.csv,adversarial_robustness
rule_based,blind,0.31,30,29,1,0,0,0,1.0,,30,20.0,4.0,53.0,27.2,0ba387c649f0f42a31bd4b0967b021ccf4c2220f,exp09_robustness_curve_20260810T091537Z.csv,adversarial_robustness
rule_based,blind,0.33,30,29,1,0,0,0,1.0,,30,20.0,4.0,53.0,27.2,0ba387c649f0f42a31bd4b0967b021ccf4c2220f,exp09_robustness_curve_20260810T091537Z.csv,adversarial_robustness
rule_based,blind,0.35,30,29,1,0,0,0,1.0,,30,20.0,4.0,53.0,27.2,0ba387c649f0f42a31bd4b0967b021ccf4c2220f,exp09_robustness_curve_20260810T091537Z.csv,adversarial_robustness
rule_based,blind,0.37,30,29,1,0,0,0,1.0,,30,20.0,4.0,53.0,27.2,0ba387c649f0f42a31bd4b0967b021ccf4c2220f,exp09_robustness_curve_20260810T091537Z.csv,adversarial_robustness
rule_based,blind,0.39,30,29,1,0,0,0,1.0,,30,18.0,3.0,53.0,26.133333333333333,0ba387c649f0f42a31bd4b0967b021ccf4c2220f,exp09_robustness_curve_20260810T091537Z.csv,adversarial_robustness
rule_based,blind,0.41,30,29,1,0,0,0,1.0,,30,18.0,3.0,53.0,26.133333333333333,0ba387c649f0f42a31bd4b0967b021ccf4c2220f,exp09_robustness_curve_20260810T091537Z.csv,adversarial_robustness
rule_based,blind,0.43,30,29,1,0,0,0,1.0,,30,18.0,3.0,53.0,26.133333333333333,0ba387c649f0f42a31bd4b0967b021ccf4c2220f,exp09_robustness_curve_20260810T091537Z.csv,adversarial_robustness
rule_based,blind,0.45,30,29,1,0,0,0,1.0,,30,18.0,3.0,53.0,26.133333333333333,0ba387c649f0f42a31bd4b0967b021ccf4c2220f,exp09_robustness_curve_20260810T091537Z.csv,adversarial_robustness
rule_based,blind,0.47,30,29,1,0,0,0,1.0,,30,18.0,3.0,53.0,26.133333333333333,0ba387c649f0f42a31bd4b0967b021ccf4c2220f,exp09_robustness_curve_20260810T091537Z.csv,adversarial_robustness
rule_based,blind,0.49,30,29,1,0,0,0,1.0,,30,18.0,3.0,53.0,26.133333333333333,0ba387c649f0f42a31bd4b0967b021ccf4c2220f,exp09_robustness_curve_20260810T091537Z.csv,adversarial_robustness
rule_based,blind,0.51,30,28,2,0,0,0,1.0,,30,16.0,1.0,51.0,22.566666666666663,0ba387c649f0f42a31bd4b0967b021ccf4c2220f,exp09_robustness_curve_20260810T091537Z.csv,adversarial_robustness
rule_based,blind,0.53,30,28,2,0,0,0,1.0,,30,16.0,1.0,51.0,22.566666666666663,0ba387c649f0f42a31bd4b0967b021ccf4c2220f,exp09_robustness_curve_20260810T091537Z.csv,adversarial_robustness
rule_based,blind,0.55,30,28,2,0,0,0,1.0,,30,16.0,1.0,51.0,22.566666666666663,0ba387c649f0f42a31bd4b0967b021ccf4c2220f,exp09_robustness_curve_20260810T091537Z.csv,adversarial_robustness
rule_based,blind,0.57,30,28,2,0,0,0,1.0,,30,16.0,1.0,51.0,22.566666666666663,0ba387c649f0f42a31bd4b0967b021ccf4c2220f,exp09_robustness_curve_20260810T091537Z.csv,adversarial_robustness
rule_based,blind,0.59,30,28,2,0,0,0,1.0,,30,16.0,1.0,51.0,22.566666666666663,0ba387c649f0f42a31bd4b0967b021ccf4c2220f,exp09_robustness_curve_20260810T091537Z.csv,adversarial_robustness
rule_based,blind,0.61,30,28,2,0,0,0,1.0,,30,16.0,1.0,51.0,22.566666666666663,0ba387c649f0f42a31bd4b0967b021ccf4c2220f,exp09_robustness_curve_20260810T091537Z.csv,adversarial_robustness
rule_based,blind,0.63,30,18,12,0,0,0,1.0,,30,1.0,0.0,21.0,6.866666666666666,0ba387c649f0f42a31bd4b0967b021ccf4c2220f,exp09_robustness_curve_20260810T091537Z.csv,adversarial_robustness
rule_based,blind,0.65,30,18,12,0,0,0,1.0,,30,1.0,0.0,21.0,6.866666666666666,0ba387c649f0f42a31bd4b0967b021ccf4c2220f,exp09_robustness_curve_20260810T091537Z.csv,adversarial_robustness
rule_based,blind,0.67,30,18,12,0,0,0,1.0,,30,1.0,0.0,21.0,6.866666666666666,0ba387c649f0f42a31bd4b0967b021ccf4c2220f,exp09_robustness_curve_20260810T091537Z.csv,adversarial_robustness
rule_based,blind,0.69,30,18,12,0,0,0,1.0,,30,1.0,0.0,21.0,6.866666666666666,0ba387c649f0f42a31bd4b0967b021ccf4c2220f,exp09_robustness_curve_20260810T091537Z.csv,adversarial_robustness
rule_based,blind,0.71,30,18,12,0,0,0,1.0,,30,1.0,0.0,21.0,6.866666666666666,0ba387c649f0f42a31bd4b0967b021ccf4c2220f,exp09_robustness_curve_20260810T091537Z.csv,adversarial_robustness
rule_based,blind,0.73,30,18,12,0,0,0,1.0,,30,1.0,0.0,21.0,6.866666666666666,0ba387c649f0f42a31bd4b0967b021ccf4c2220f,exp09_robustness_curve_20260810T091537Z.csv,adversarial_robustness
rule_based,blind,0.75,30,18,12,0,0,0,1.0,,30,1.0,0.0,21.0,6.866666666666666,0ba387c649f0f42a31bd4b0967b021ccf4c2220f,exp09_robustness_curve_20260810T091537Z.csv,adversarial_robustness
rule_based,blind,0.77,30,3,27,0,0,0,1.0,,30,-11.0,-49.0,0.0,-14.8,0ba387c649f0f42a31bd4b0967b021ccf4c2220f,exp09_robustness_curve_20260810T091537Z.csv,adversarial_robustness
rule_based,blind,0.79,30,3,27,0,0,0,1.0,,30,-11.0,-49.0,0.0,-14.8,0ba387c649f0f42a31bd4b0967b021ccf4c2220f,exp09_robustness_curve_20260810T091537Z.csv,adversarial_robustness
rule_based,blind,0.81,30,3,27,0,0,0,1.0,,30,-11.0,-49.0,0.0,-14.8,0ba387c649f0f42a31bd4b0967b021ccf4c2220f,exp09_robustness_curve_20260810T091537Z.csv,adversarial_robustness
rule_based,blind,0.83,30,3,27,0,0,0,1.0,,30,-11.0,-49.0,0.0,-14.8,0ba387c649f0f42a31bd4b0967b021ccf4c2220f,exp09_robustness_curve_20260810T091537Z.csv,adversarial_robustness
rule_based,blind,0.85,30,3,27,0,0,0,1.0,,30,-11.0,-49.0,0.0,-14.8,0ba387c649f0f42a31bd4b0967b021ccf4c2220f,exp09_robustness_curve_20260810T091537Z.csv,adversarial_robustness
rule_based,blind,0.87,30,3,27,0,0,0,1.0,,30,-11.0,-49.0,0.0,-14.8,0ba387c649f0f42a31bd4b0967b021ccf4c2220f,exp09_robustness_curve_20260810T091537Z.csv,adversarial_robustness
rule_based,blind,0.89,30,0,30,0,0,0,1.0,,30,-78.0,-170.0,-6.0,-83.53333333333333,0ba387c649f0f42a31bd4b0967b021ccf4c2220f,exp09_robustness_curve_20260810T091537Z.csv,adversarial_robustness
rule_based,blind,0.91,30,0,30,0,0,0,1.0,,30,-78.0,-170.0,-6.0,-83.53333333333333,0ba387c649f0f42a31bd4b0967b021ccf4c2220f,exp09_robustness_curve_20260810T091537Z.csv,adversarial_robustness
rule_based,blind,0.93,30,0,30,0,0,0,1.0,,30,-78.0,-170.0,-6.0,-83.53333333333333,0ba387c649f0f42a31bd4b0967b021ccf4c2220f,exp09_robustness_curve_20260810T091537Z.csv,adversarial_robustness
rule_based,blind,0.95,30,0,30,0,0,0,1.0,,30,-78.0,-170.0,-6.0,-83.53333333333333,0ba387c649f0f42a31bd4b0967b021ccf4c2220f,exp09_robustness_curve_20260810T091537Z.csv,adversarial_robustness
rule_based,blind,0.97,30,0,30,0,0,0,1.0,,30,-78.0,-170.0,-6.0,-83.53333333333333,0ba387c649f0f42a31bd4b0967b021ccf4c2220f,exp09_robustness_curve_20260810T091537Z.csv,adversarial_robustness
rule_based,blind,0.99,30,0,30,0,0,0,1.0,,30,-78.0,-170.0,-6.0,-83.53333333333333,0ba387c649f0f42a31bd4b0967b021ccf4c2220f,exp09_robustness_curve_20260810T091537Z.csv,adversarial_robustness
rule_based,analytics,0.05,30,1,24,0,5,0,1.0,1.0,25,0.0,0.0,0.0,4.44,0ba387c649f0f42a31bd4b0967b021ccf4c2220f,exp09_robustness_curve_20260810T091537Z.csv,adversarial_robustness
rule_based,analytics,0.07,30,1,24,0,5,0,1.0,1.0,25,0.0,0.0,0.0,4.44,0ba387c649f0f42a31bd4b0967b021ccf4c2220f,exp09_robustness_curve_20260810T091537Z.csv,adversarial_robustness
rule_based,analytics,0.09,30,1,24,0,5,0,1.0,1.0,25,0.0,0.0,0.0,4.44,0ba387c649f0f42a31bd4b0967b021ccf4c2220f,exp09_robustness_curve_20260810T091537Z.csv,adversarial_robustness
rule_based,analytics,0.11,30,1,24,0,5,0,1.0,1.0,25,0.0,0.0,0.0,4.44,0ba387c649f0f42a31bd4b0967b021ccf4c2220f,exp09_robustness_curve_20260810T091537Z.csv,adversarial_robustness
rule_based,analytics,0.13,30,0,1,24,2,3,0.04,0.4,1,-79.0,-79.0,-79.0,-79.0,0ba387c649f0f42a31bd4b0967b021ccf4c2220f,exp09_robustness_curve_20260810T091537Z.csv,adversarial_robustness
rule_based,analytics,0.15,30,0,1,24,2,3,0.04,0.4,1,-79.0,-79.0,-79.0,-79.0,0ba387c649f0f42a31bd4b0967b021ccf4c2220f,exp09_robustness_curve_20260810T091537Z.csv,adversarial_robustness
rule_based,analytics,0.17,30,0,1,24,2,3,0.04,0.4,1,-79.0,-79.0,-79.0,-79.0,0ba387c649f0f42a31bd4b0967b021ccf4c2220f,exp09_robustness_curve_20260810T091537Z.csv,adversarial_robustness
rule_based,analytics,0.19,30,0,1,24,2,3,0.04,0.4,1,-79.0,-79.0,-79.0,-79.0,0ba387c649f0f42a31bd4b0967b021ccf4c2220f,exp09_robustness_curve_20260810T091537Z.csv,adversarial_robustness
rule_based,analytics,0.21,30,0,1,24,2,3,0.04,0.4,1,-79.0,-79.0,-79.0,-79.0,0ba387c649f0f42a31bd4b0967b021ccf4c2220f,exp09_robustness_curve_20260810T091537Z.csv,adversarial_robustness
rule_based,analytics,0.23,30,0,1,24,2,3,0.04,0.4,1,-79.0,-79.0,-79.0,-79.0,0ba387c649f0f42a31bd4b0967b021ccf4c2220f,exp09_robustness_curve_20260810T091537Z.csv,adversarial_robustness
rule_based,analytics,0.25,30,0,1,24,2,3,0.04,0.4,1,-79.0,-79.0,-79.0,-79.0,0ba387c649f0f42a31bd4b0967b021ccf4c2220f,exp09_robustness_curve_20260810T091537Z.csv,adversarial_robustness
rule_based,analytics,0.27,30,0,0,25,0,5,0.0,0.0,0,,,,,0ba387c649f0f42a31bd4b0967b021ccf4c2220f,exp09_robustness_curve_20260810T091537Z.csv,adversarial_robustness
rule_based,analytics,0.29,30,0,0,25,0,5,0.0,0.0,0,,,,,0ba387c649f0f42a31bd4b0967b021ccf4c2220f,exp09_robustness_curve_20260810T091537Z.csv,adversarial_robustness
rule_based,analytics,0.31,30,0,0,25,0,5,0.0,0.0,0,,,,,0ba387c649f0f42a31bd4b0967b021ccf4c2220f,exp09_robustness_curve_20260810T091537Z.csv,adversarial_robustness
rule_based,analytics,0.33,30,0,0,25,0,5,0.0,0.0,0,,,,,0ba387c649f0f42a31bd4b0967b021ccf4c2220f,exp09_robustness_curve_20260810T091537Z.csv,adversarial_robustness
rule_based,analytics,0.35,30,0,0,25,0,5,0.0,0.0,0,,,,,0ba387c649f0f42a31bd4b0967b021ccf4c2220f,exp09_robustness_curve_20260810T091537Z.csv,adversarial_robustness
rule_based,analytics,0.37,30,0,0,25,0,5,0.0,0.0,0,,,,,0ba387c649f0f42a31bd4b0967b021ccf4c2220f,exp09_robustness_curve_20260810T091537Z.csv,adversarial_robustness
rule_based,analytics,0.39,30,0,0,25,0,5,0.0,0.0,0,,,,,0ba387c649f0f42a31bd4b0967b021ccf4c2220f,exp09_robustness_curve_20260810T091537Z.csv,adversarial_robustness
rule_based,analytics,0.41,30,0,0,25,0,5,0.0,0.0,0,,,,,0ba387c649f0f42a31bd4b0967b021ccf4c2220f,exp09_robustness_curve_20260810T091537Z.csv,adversarial_robustness
rule_based,analytics,0.43,30,0,0,25,0,5,0.0,0.0,0,,,,,0ba387c649f0f42a31bd4b0967b021ccf4c2220f,exp09_robustness_curve_20260810T091537Z.csv,adversarial_robustness
rule_based,analytics,0.45,30,0,0,25,0,5,0.0,0.0,0,,,,,0ba387c649f0f42a31bd4b0967b021ccf4c2220f,exp09_robustness_curve_20260810T091537Z.csv,adversarial_robustness
rule_based,analytics,0.47,30,0,0,25,0,5,0.0,0.0,0,,,,,0ba387c649f0f42a31bd4b0967b021ccf4c2220f,exp09_robustness_curve_20260810T091537Z.csv,adversarial_robustness
rule_based,analytics,0.49,30,0,0,25,0,5,0.0,0.0,0,,,,,0ba387c649f0f42a31bd4b0967b021ccf4c2220f,exp09_robustness_curve_20260810T091537Z.csv,adversarial_robustness
rule_based,analytics,0.51,30,0,0,25,0,5,0.0,0.0,0,,,,,0ba387c649f0f42a31bd4b0967b021ccf4c2220f,exp09_robustness_curve_20260810T091537Z.csv,adversarial_robustness
rule_based,analytics,0.53,30,0,0,25,0,5,0.0,0.0,0,,,,,0ba387c649f0f42a31bd4b0967b021ccf4c2220f,exp09_robustness_curve_20260810T091537Z.csv,adversarial_robustness
rule_based,analytics,0.55,30,0,0,25,0,5,0.0,0.0,0,,,,,0ba387c649f0f42a31bd4b0967b021ccf4c2220f,exp09_robustness_curve_20260810T091537Z.csv,adversarial_robustness
rule_based,analytics,0.57,30,0,0,25,0,5,0.0,0.0,0,,,,,0ba387c649f0f42a31bd4b0967b021ccf4c2220f,exp09_robustness_curve_20260810T091537Z.csv,adversarial_robustness
rule_based,analytics,0.59,30,0,0,25,0,5,0.0,0.0,0,,,,,0ba387c649f0f42a31bd4b0967b021ccf4c2220f,exp09_robustness_curve_20260810T091537Z.csv,adversarial_robustness
rule_based,analytics,0.61,30,0,0,25,0,5,0.0,0.0,0,,,,,0ba387c649f0f42a31bd4b0967b021ccf4c2220f,exp09_robustness_curve_20260810T091537Z.csv,adversarial_robustness
rule_based,analytics,0.63,30,0,0,25,0,5,0.0,0.0,0,,,,,0ba387c649f0f42a31bd4b0967b021ccf4c2220f,exp09_robustness_curve_20260810T091537Z.csv,adversarial_robustness
rule_based,analytics,0.65,30,0,0,25,0,5,0.0,0.0,0,,,,,0ba387c649f0f42a31bd4b0967b021ccf4c2220f,exp09_robustness_curve_20260810T091537Z.csv,adversarial_robustness
rule_based,analytics,0.67,30,0,0,25,0,5,0.0,0.0,0,,,,,0ba387c649f0f42a31bd4b0967b021ccf4c2220f,exp09_robustness_curve_20260810T091537Z.csv,adversarial_robustness
rule_based,analytics,0.69,30,0,0,25,0,5,0.0,0.0,0,,,,,0ba387c649f0f42a31bd4b0967b021ccf4c2220f,exp09_robustness_curve_20260810T091537Z.csv,adversarial_robustness
rule_based,analytics,0.71,30,0,0,25,0,5,0.0,0.0,0,,,,,0ba387c649f0f42a31bd4b0967b021ccf4c2220f,exp09_robustness_curve_20260810T091537Z.csv,adversarial_robustness
rule_based,analytics,0.73,30,0,0,25,0,5,0.0,0.0,0,,,,,0ba387c649f0f42a31bd4b0967b021ccf4c2220f,exp09_robustness_curve_20260810T091537Z.csv,adversarial_robustness
rule_based,analytics,0.75,30,0,0,25,0,5,0.0,0.0,0,,,,,0ba387c649f0f42a31bd4b0967b021ccf4c2220f,exp09_robustness_curve_20260810T091537Z.csv,adversarial_robustness
rule_based,analytics,0.77,30,0,0,25,0,5,0.0,0.0,0,,,,,0ba387c649f0f42a31bd4b0967b021ccf4c2220f,exp09_robustness_curve_20260810T091537Z.csv,adversarial_robustness
rule_based,analytics,0.79,30,0,0,25,0,5,0.0,0.0,0,,,,,0ba387c649f0f42a31bd4b0967b021ccf4c2220f,exp09_robustness_curve_20260810T091537Z.csv,adversarial_robustness
rule_based,analytics,0.81,30,0,0,25,0,5,0.0,0.0,0,,,,,0ba387c649f0f42a31bd4b0967b021ccf4c2220f,exp09_robustness_curve_20260810T091537Z.csv,adversarial_robustness
rule_based,analytics,0.83,30,0,0,25,0,5,0.0,0.0,0,,,,,0ba387c649f0f42a31bd4b0967b021ccf4c2220f,exp09_robustness_curve_20260810T091537Z.csv,adversarial_robustness
rule_based,analytics,0.85,30,0,0,25,0,5,0.0,0.0,0,,,,,0ba387c649f0f42a31bd4b0967b021ccf4c2220f,exp09_robustness_curve_20260810T091537Z.csv,adversarial_robustness
rule_based,analytics,0.87,30,0,0,25,0,5,0.0,0.0,0,,,,,0ba387c649f0f42a31bd4b0967b021ccf4c2220f,exp09_robustness_curve_20260810T091537Z.csv,adversarial_robustness
rule_based,analytics,0.89,30,0,0,25,0,5,0.0,0.0,0,,,,,0ba387c649f0f42a31bd4b0967b021ccf4c2220f,exp09_robustness_curve_20260810T091537Z.csv,adversarial_robustness
rule_based,analytics,0.91,30,0,0,25,0,5,0.0,0.0,0,,,,,0ba387c649f0f42a31bd4b0967b021ccf4c2220f,exp09_robustness_curve_20260810T091537Z.csv,adversarial_robustness
rule_based,analytics,0.93,30,0,0,25,0,5,0.0,0.0,0,,,,,0ba387c649f0f42a31bd4b0967b021ccf4c2220f,exp09_robustness_curve_20260810T091537Z.csv,adversarial_robustness
rule_based,analytics,0.95,30,0,0,25,0,5,0.0,0.0,0,,,,,0ba387c649f0f42a31bd4b0967b021ccf4c2220f,exp09_robustness_curve_20260810T091537Z.csv,adversarial_robustness
rule_based,analytics,0.97,30,0,0,25,0,5,0.0,0.0,0,,,,,0ba387c649f0f42a31bd4b0967b021ccf4c2220f,exp09_robustness_curve_20260810T091537Z.csv,adversarial_robustness
rule_based,analytics,0.99,30,0,0,25,0,5,0.0,0.0,0,,,,,0ba387c649f0f42a31bd4b0967b021ccf4c2220f,exp09_robustness_curve_20260810T091537Z.csv,adversarial_robustness
rule_based,full_dbn,0.05,30,30,0,0,0,0,1.0,,30,14.0,5.0,71.0,31.333333333333332,0ba387c649f0f42a31bd4b0967b021ccf4c2220f,exp09_robustness_curve_20260810T091537Z.csv,adversarial_robustness
rule_based,full_dbn,0.07,30,30,0,0,0,0,1.0,,30,14.0,5.0,71.0,31.333333333333332,0ba387c649f0f42a31bd4b0967b021ccf4c2220f,exp09_robustness_curve_20260810T091537Z.csv,adversarial_robustness
rule_based,full_dbn,0.09,30,30,0,0,0,0,1.0,,30,14.0,5.0,71.0,31.333333333333332,0ba387c649f0f42a31bd4b0967b021ccf4c2220f,exp09_robustness_curve_20260810T091537Z.csv,adversarial_robustness
rule_based,full_dbn,0.11,30,30,0,0,0,0,1.0,,30,14.0,5.0,71.0,31.333333333333332,0ba387c649f0f42a31bd4b0967b021ccf4c2220f,exp09_robustness_curve_20260810T091537Z.csv,adversarial_robustness
rule_based,full_dbn,0.13,30,30,0,0,0,0,1.0,,30,13.0,5.0,70.0,30.366666666666667,0ba387c649f0f42a31bd4b0967b021ccf4c2220f,exp09_robustness_curve_20260810T091537Z.csv,adversarial_robustness
rule_based,full_dbn,0.15,30,30,0,0,0,0,1.0,,30,13.0,5.0,70.0,30.366666666666667,0ba387c649f0f42a31bd4b0967b021ccf4c2220f,exp09_robustness_curve_20260810T091537Z.csv,adversarial_robustness
rule_based,full_dbn,0.17,30,30,0,0,0,0,1.0,,30,13.0,5.0,70.0,30.366666666666667,0ba387c649f0f42a31bd4b0967b021ccf4c2220f,exp09_robustness_curve_20260810T091537Z.csv,adversarial_robustness
rule_based,full_dbn,0.19,30,30,0,0,0,0,1.0,,30,13.0,5.0,70.0,30.366666666666667,0ba387c649f0f42a31bd4b0967b021ccf4c2220f,exp09_robustness_curve_20260810T091537Z.csv,adversarial_robustness
rule_based,full_dbn,0.21,30,30,0,0,0,0,1.0,,30,13.0,5.0,70.0,30.366666666666667,0ba387c649f0f42a31bd4b0967b021ccf4c2220f,exp09_robustness_curve_20260810T091537Z.csv,adversarial_robustness
rule_based,full_dbn,0.23,30,30,0,0,0,0,1.0,,30,13.0,5.0,70.0,30.366666666666667,0ba387c649f0f42a31bd4b0967b021ccf4c2220f,exp09_robustness_curve_20260810T091537Z.csv,adversarial_robustness
rule_based,full_dbn,0.25,30,30,0,0,0,0,1.0,,30,13.0,5.0,70.0,30.366666666666667,0ba387c649f0f42a31bd4b0967b021ccf4c2220f,exp09_robustness_curve_20260810T091537Z.csv,adversarial_robustness
rule_based,full_dbn,0.27,30,28,2,0,0,0,1.0,,30,12.0,2.0,69.0,27.4,0ba387c649f0f42a31bd4b0967b021ccf4c2220f,exp09_robustness_curve_20260810T091537Z.csv,adversarial_robustness
rule_based,full_dbn,0.29,30,28,2,0,0,0,1.0,,30,12.0,2.0,69.0,27.4,0ba387c649f0f42a31bd4b0967b021ccf4c2220f,exp09_robustness_curve_20260810T091537Z.csv,adversarial_robustness
rule_based,full_dbn,0.31,30,28,2,0,0,0,1.0,,30,12.0,2.0,69.0,27.4,0ba387c649f0f42a31bd4b0967b021ccf4c2220f,exp09_robustness_curve_20260810T091537Z.csv,adversarial_robustness
rule_based,full_dbn,0.33,30,28,2,0,0,0,1.0,,30,12.0,2.0,69.0,27.4,0ba387c649f0f42a31bd4b0967b021ccf4c2220f,exp09_robustness_curve_20260810T091537Z.csv,adversarial_robustness
rule_based,full_dbn,0.35,30,28,2,0,0,0,1.0,,30,12.0,2.0,69.0,27.4,0ba387c649f0f42a31bd4b0967b021ccf4c2220f,exp09_robustness_curve_20260810T091537Z.csv,adversarial_robustness
rule_based,full_dbn,0.37,30,28,2,0,0,0,1.0,,30,12.0,2.0,69.0,27.4,0ba387c649f0f42a31bd4b0967b021ccf4c2220f,exp09_robustness_curve_20260810T091537Z.csv,adversarial_robustness
rule_based,full_dbn,0.39,30,27,3,0,0,0,1.0,,30,11.0,0.0,69.0,26.5,0ba387c649f0f42a31bd4b0967b021ccf4c2220f,exp09_robustness_curve_20260810T091537Z.csv,adversarial_robustness
rule_based,full_dbn,0.41,30,27,3,0,0,0,1.0,,30,11.0,0.0,69.0,26.5,0ba387c649f0f42a31bd4b0967b021ccf4c2220f,exp09_robustness_curve_20260810T091537Z.csv,adversarial_robustness
rule_based,full_dbn,0.43,30,27,3,0,0,0,1.0,,30,11.0,0.0,69.0,26.5,0ba387c649f0f42a31bd4b0967b021ccf4c2220f,exp09_robustness_curve_20260810T091537Z.csv,adversarial_robustness
rule_based,full_dbn,0.45,30,27,3,0,0,0,1.0,,30,11.0,0.0,69.0,26.5,0ba387c649f0f42a31bd4b0967b021ccf4c2220f,exp09_robustness_curve_20260810T091537Z.csv,adversarial_robustness
rule_based,full_dbn,0.47,30,27,3,0,0,0,1.0,,30,11.0,0.0,69.0,26.5,0ba387c649f0f42a31bd4b0967b021ccf4c2220f,exp09_robustness_curve_20260810T091537Z.csv,adversarial_robustness
rule_based,full_dbn,0.49,30,27,3,0,0,0,1.0,,30,11.0,0.0,69.0,26.5,0ba387c649f0f42a31bd4b0967b021ccf4c2220f,exp09_robustness_curve_20260810T091537Z.csv,adversarial_robustness
rule_based,full_dbn,0.51,30,25,5,0,0,0,1.0,,30,8.0,0.0,63.0,24.333333333333332,0ba387c649f0f42a31bd4b0967b021ccf4c2220f,exp09_robustness_curve_20260810T091537Z.csv,adversarial_robustness
rule_based,full_dbn,0.53,30,25,5,0,0,0,1.0,,30,8.0,0.0,63.0,24.333333333333332,0ba387c649f0f42a31bd4b0967b021ccf4c2220f,exp09_robustness_curve_20260810T091537Z.csv,adversarial_robustness
rule_based,full_dbn,0.55,30,25,5,0,0,0,1.0,,30,8.0,0.0,63.0,24.333333333333332,0ba387c649f0f42a31bd4b0967b021ccf4c2220f,exp09_robustness_curve_20260810T091537Z.csv,adversarial_robustness
rule_based,full_dbn,0.57,30,25,5,0,0,0,1.0,,30,8.0,0.0,63.0,24.333333333333332,0ba387c649f0f42a31bd4b0967b021ccf4c2220f,exp09_robustness_curve_20260810T091537Z.csv,adversarial_robustness
rule_based,full_dbn,0.59,30,25,5,0,0,0,1.0,,30,8.0,0.0,63.0,24.333333333333332,0ba387c649f0f42a31bd4b0967b021ccf4c2220f,exp09_robustness_curve_20260810T091537Z.csv,adversarial_robustness
rule_based,full_dbn,0.61,30,25,5,0,0,0,1.0,,30,8.0,0.0,63.0,24.333333333333332,0ba387c649f0f42a31bd4b0967b021ccf4c2220f,exp09_robustness_curve_20260810T091537Z.csv,adversarial_robustness
rule_based,full_dbn,0.63,30,16,14,0,0,0,1.0,,30,1.0,-4.0,56.0,13.8,0ba387c649f0f42a31bd4b0967b021ccf4c2220f,exp09_robustness_curve_20260810T091537Z.csv,adversarial_robustness
rule_based,full_dbn,0.65,30,16,14,0,0,0,1.0,,30,1.0,-4.0,56.0,13.8,0ba387c649f0f42a31bd4b0967b021ccf4c2220f,exp09_robustness_curve_20260810T091537Z.csv,adversarial_robustness
rule_based,full_dbn,0.67,30,16,14,0,0,0,1.0,,30,1.0,-4.0,56.0,13.8,0ba387c649f0f42a31bd4b0967b021ccf4c2220f,exp09_robustness_curve_20260810T091537Z.csv,adversarial_robustness
rule_based,full_dbn,0.69,30,16,14,0,0,0,1.0,,30,1.0,-4.0,56.0,13.8,0ba387c649f0f42a31bd4b0967b021ccf4c2220f,exp09_robustness_curve_20260810T091537Z.csv,adversarial_robustness
rule_based,full_dbn,0.71,30,16,14,0,0,0,1.0,,30,1.0,-4.0,56.0,13.8,0ba387c649f0f42a31bd4b0967b021ccf4c2220f,exp09_robustness_curve_20260810T091537Z.csv,adversarial_robustness
rule_based,full_dbn,0.73,30,16,14,0,0,0,1.0,,30,1.0,-4.0,56.0,13.8,0ba387c649f0f42a31bd4b0967b021ccf4c2220f,exp09_robustness_curve_20260810T091537Z.csv,adversarial_robustness
rule_based,full_dbn,0.75,30,16,14,0,0,0,1.0,,30,1.0,-4.0,56.0,13.8,0ba387c649f0f42a31bd4b0967b021ccf4c2220f,exp09_robustness_curve_20260810T091537Z.csv,adversarial_robustness
rule_based,full_dbn,0.77,30,2,28,0,0,0,1.0,,30,-11.0,-61.0,0.0,-15.1,0ba387c649f0f42a31bd4b0967b021ccf4c2220f,exp09_robustness_curve_20260810T091537Z.csv,adversarial_robustness
rule_based,full_dbn,0.79,30,2,28,0,0,0,1.0,,30,-11.0,-61.0,0.0,-15.1,0ba387c649f0f42a31bd4b0967b021ccf4c2220f,exp09_robustness_curve_20260810T091537Z.csv,adversarial_robustness
rule_based,full_dbn,0.81,30,2,28,0,0,0,1.0,,30,-11.0,-61.0,0.0,-15.1,0ba387c649f0f42a31bd4b0967b021ccf4c2220f,exp09_robustness_curve_20260810T091537Z.csv,adversarial_robustness
rule_based,full_dbn,0.83,30,2,28,0,0,0,1.0,,30,-11.0,-61.0,0.0,-15.1,0ba387c649f0f42a31bd4b0967b021ccf4c2220f,exp09_robustness_curve_20260810T091537Z.csv,adversarial_robustness
rule_based,full_dbn,0.85,30,2,28,0,0,0,1.0,,30,-11.0,-61.0,0.0,-15.1,0ba387c649f0f42a31bd4b0967b021ccf4c2220f,exp09_robustness_curve_20260810T091537Z.csv,adversarial_robustness
rule_based,full_dbn,0.87,30,2,28,0,0,0,1.0,,30,-11.0,-61.0,0.0,-15.1,0ba387c649f0f42a31bd4b0967b021ccf4c2220f,exp09_robustness_curve_20260810T091537Z.csv,adversarial_robustness
rule_based,full_dbn,0.89,30,0,30,0,0,0,1.0,,30,-76.0,-271.0,-14.0,-104.53333333333332,0ba387c649f0f42a31bd4b0967b021ccf4c2220f,exp09_robustness_curve_20260810T091537Z.csv,adversarial_robustness
rule_based,full_dbn,0.91,30,0,30,0,0,0,1.0,,30,-76.0,-271.0,-14.0,-104.53333333333332,0ba387c649f0f42a31bd4b0967b021ccf4c2220f,exp09_robustness_curve_20260810T091537Z.csv,adversarial_robustness
rule_based,full_dbn,0.93,30,0,30,0,0,0,1.0,,30,-76.0,-271.0,-14.0,-104.53333333333332,0ba387c649f0f42a31bd4b0967b021ccf4c2220f,exp09_robustness_curve_20260810T091537Z.csv,adversarial_robustness
rule_based,full_dbn,0.95,30,0,30,0,0,0,1.0,,30,-76.0,-271.0,-14.0,-104.53333333333332,0ba387c649f0f42a31bd4b0967b021ccf4c2220f,exp09_robustness_curve_20260810T091537Z.csv,adversarial_robustness
rule_based,full_dbn,0.97,30,0,30,0,0,0,1.0,,30,-76.0,-271.0,-14.0,-104.53333333333332,0ba387c649f0f42a31bd4b0967b021ccf4c2220f,exp09_robustness_curve_20260810T091537Z.csv,adversarial_robustness
rule_based,full_dbn,0.99,30,0,30,0,0,0,1.0,,30,-76.0,-271.0,-14.0,-104.53333333333332,0ba387c649f0f42a31bd4b0967b021ccf4c2220f,exp09_robustness_curve_20260810T091537Z.csv,adversarial_robustness
gbm,blind,0.05,30,0,30,0,0,0,1.0,,30,0.0,0.0,0.0,0.0,0ba387c649f0f42a31bd4b0967b021ccf4c2220f,exp09_robustness_curve_20260810T091537Z.csv,adversarial_robustness
gbm,blind,0.07,30,0,30,0,0,0,1.0,,30,0.0,0.0,0.0,0.0,0ba387c649f0f42a31bd4b0967b021ccf4c2220f,exp09_robustness_curve_20260810T091537Z.csv,adversarial_robustness
gbm,blind,0.09,30,0,30,0,0,0,1.0,,30,0.0,0.0,0.0,0.0,0ba387c649f0f42a31bd4b0967b021ccf4c2220f,exp09_robustness_curve_20260810T091537Z.csv,adversarial_robustness
gbm,blind,0.11,30,0,30,0,0,0,1.0,,30,0.0,0.0,0.0,0.0,0ba387c649f0f42a31bd4b0967b021ccf4c2220f,exp09_robustness_curve_20260810T091537Z.csv,adversarial_robustness
gbm,blind,0.13,30,0,30,0,0,0,1.0,,30,0.0,0.0,0.0,0.0,0ba387c649f0f42a31bd4b0967b021ccf4c2220f,exp09_robustness_curve_20260810T091537Z.csv,adversarial_robustness
gbm,blind,0.15,30,0,30,0,0,0,1.0,,30,0.0,0.0,0.0,0.0,0ba387c649f0f42a31bd4b0967b021ccf4c2220f,exp09_robustness_curve_20260810T091537Z.csv,adversarial_robustness
gbm,blind,0.17,30,0,30,0,0,0,1.0,,30,0.0,0.0,0.0,0.0,0ba387c649f0f42a31bd4b0967b021ccf4c2220f,exp09_robustness_curve_20260810T091537Z.csv,adversarial_robustness
gbm,blind,0.19,30,0,30,0,0,0,1.0,,30,0.0,0.0,0.0,0.0,0ba387c649f0f42a31bd4b0967b021ccf4c2220f,exp09_robustness_curve_20260810T091537Z.csv,adversarial_robustness
gbm,blind,0.21,30,0,30,0,0,0,1.0,,30,0.0,0.0,0.0,0.0,0ba387c649f0f42a31bd4b0967b021ccf4c2220f,exp09_robustness_curve_20260810T091537Z.csv,adversarial_robustness
gbm,blind,0.23,30,0,30,0,0,0,1.0,,30,0.0,0.0,0.0,0.0,0ba387c649f0f42a31bd4b0967b021ccf4c2220f,exp09_robustness_curve_20260810T091537Z.csv,adversarial_robustness
gbm,blind,0.25,30,0,30,0,0,0,1.0,,30,0.0,0.0,0.0,0.0,0ba387c649f0f42a31bd4b0967b021ccf4c2220f,exp09_robustness_curve_20260810T091537Z.csv,adversarial_robustness
gbm,blind,0.27,30,0,30,0,0,0,1.0,,30,0.0,0.0,0.0,0.0,0ba387c649f0f42a31bd4b0967b021ccf4c2220f,exp09_robustness_curve_20260810T091537Z.csv,adversarial_robustness
gbm,blind,0.29,30,0,30,0,0,0,1.0,,30,0.0,0.0,0.0,0.0,0ba387c649f0f42a31bd4b0967b021ccf4c2220f,exp09_robustness_curve_20260810T091537Z.csv,adversarial_robustness
gbm,blind,0.31,30,0,30,0,0,0,1.0,,30,0.0,0.0,0.0,0.0,0ba387c649f0f42a31bd4b0967b021ccf4c2220f,exp09_robustness_curve_20260810T091537Z.csv,adversarial_robustness
gbm,blind,0.33,30,0,30,0,0,0,1.0,,30,0.0,0.0,0.0,0.0,0ba387c649f0f42a31bd4b0967b021ccf4c2220f,exp09_robustness_curve_20260810T091537Z.csv,adversarial_robustness
gbm,blind,0.35,30,0,30,0,0,0,1.0,,30,0.0,0.0,0.0,0.0,0ba387c649f0f42a31bd4b0967b021ccf4c2220f,exp09_robustness_curve_20260810T091537Z.csv,adversarial_robustness
gbm,blind,0.37,30,0,30,0,0,0,1.0,,30,0.0,0.0,0.0,0.0,0ba387c649f0f42a31bd4b0967b021ccf4c2220f,exp09_robustness_curve_20260810T091537Z.csv,adversarial_robustness
gbm,blind,0.39,30,0,30,0,0,0,1.0,,30,0.0,0.0,0.0,0.0,0ba387c649f0f42a31bd4b0967b021ccf4c2220f,exp09_robustness_curve_20260810T091537Z.csv,adversarial_robustness
gbm,blind,0.41,30,0,30,0,0,0,1.0,,30,0.0,0.0,0.0,0.0,0ba387c649f0f42a31bd4b0967b021ccf4c2220f,exp09_robustness_curve_20260810T091537Z.csv,adversarial_robustness
gbm,blind,0.43,30,0,30,0,0,0,1.0,,30,0.0,0.0,0.0,0.0,0ba387c649f0f42a31bd4b0967b021ccf4c2220f,exp09_robustness_curve_20260810T091537Z.csv,adversarial_robustness
gbm,blind,0.45,30,0,30,0,0,0,1.0,,30,0.0,0.0,0.0,0.0,0ba387c649f0f42a31bd4b0967b021ccf4c2220f,exp09_robustness_curve_20260810T091537Z.csv,adversarial_robustness
gbm,blind,0.47,30,0,30,0,0,0,1.0,,30,0.0,0.0,0.0,0.0,0ba387c649f0f42a31bd4b0967b021ccf4c2220f,exp09_robustness_curve_20260810T091537Z.csv,adversarial_robustness
gbm,blind,0.49,30,0,30,0,0,0,1.0,,30,0.0,0.0,0.0,0.0,0ba387c649f0f42a31bd4b0967b021ccf4c2220f,exp09_robustness_curve_20260810T091537Z.csv,adversarial_robustness
gbm,blind,0.51,30,0,30,0,0,0,1.0,,30,0.0,0.0,0.0,0.0,0ba387c649f0f42a31bd4b0967b021ccf4c2220f,exp09_robustness_curve_20260810T091537Z.csv,adversarial_robustness
gbm,blind,0.53,30,0,30,0,0,0,1.0,,30,0.0,0.0,0.0,0.0,0ba387c649f0f42a31bd4b0967b021ccf4c2220f,exp09_robustness_curve_20260810T091537Z.csv,adversarial_robustness
gbm,blind,0.55,30,0,30,0,0,0,1.0,,30,0.0,0.0,0.0,0.0,0ba387c649f0f42a31bd4b0967b021ccf4c2220f,exp09_robustness_curve_20260810T091537Z.csv,adversarial_robustness
gbm,blind,0.57,30,0,30,0,0,0,1.0,,30,0.0,0.0,0.0,0.0,0ba387c649f0f42a31bd4b0967b021ccf4c2220f,exp09_robustness_curve_20260810T091537Z.csv,adversarial_robustness
gbm,blind,0.59,30,0,30,0,0,0,1.0,,30,0.0,0.0,0.0,0.0,0ba387c649f0f42a31bd4b0967b021ccf4c2220f,exp09_robustness_curve_20260810T091537Z.csv,adversarial_robustness
gbm,blind,0.61,30,0,30,0,0,0,1.0,,30,0.0,0.0,0.0,0.0,0ba387c649f0f42a31bd4b0967b021ccf4c2220f,exp09_robustness_curve_20260810T091537Z.csv,adversarial_robustness
gbm,blind,0.63,30,0,30,0,0,0,1.0,,30,0.0,0.0,0.0,0.0,0ba387c649f0f42a31bd4b0967b021ccf4c2220f,exp09_robustness_curve_20260810T091537Z.csv,adversarial_robustness
gbm,blind,0.65,30,0,30,0,0,0,1.0,,30,0.0,0.0,0.0,0.0,0ba387c649f0f42a31bd4b0967b021ccf4c2220f,exp09_robustness_curve_20260810T091537Z.csv,adversarial_robustness
gbm,blind,0.67,30,0,30,0,0,0,1.0,,30,0.0,0.0,0.0,0.0,0ba387c649f0f42a31bd4b0967b021ccf4c2220f,exp09_robustness_curve_20260810T091537Z.csv,adversarial_robustness
gbm,blind,0.69,30,0,30,0,0,0,1.0,,30,0.0,0.0,0.0,0.0,0ba387c649f0f42a31bd4b0967b021ccf4c2220f,exp09_robustness_curve_20260810T091537Z.csv,adversarial_robustness
gbm,blind,0.71,30,0,30,0,0,0,1.0,,30,0.0,0.0,0.0,0.0,0ba387c649f0f42a31bd4b0967b021ccf4c2220f,exp09_robustness_curve_20260810T091537Z.csv,adversarial_robustness
gbm,blind,0.73,30,0,30,0,0,0,1.0,,30,0.0,0.0,0.0,0.0,0ba387c649f0f42a31bd4b0967b021ccf4c2220f,exp09_robustness_curve_20260810T091537Z.csv,adversarial_robustness
gbm,blind,0.75,30,0,30,0,0,0,1.0,,30,0.0,0.0,0.0,0.0,0ba387c649f0f42a31bd4b0967b021ccf4c2220f,exp09_robustness_curve_20260810T091537Z.csv,adversarial_robustness
gbm,blind,0.77,30,0,30,0,0,0,1.0,,30,0.0,0.0,0.0,0.0,0ba387c649f0f42a31bd4b0967b021ccf4c2220f,exp09_robustness_curve_20260810T091537Z.csv,adversarial_robustness
gbm,blind,0.79,30,0,30,0,0,0,1.0,,30,0.0,0.0,0.0,0.0,0ba387c649f0f42a31bd4b0967b021ccf4c2220f,exp09_robustness_curve_20260810T091537Z.csv,adversarial_robustness
gbm,blind,0.81,30,0,30,0,0,0,1.0,,30,0.0,0.0,0.0,0.0,0ba387c649f0f42a31bd4b0967b021ccf4c2220f,exp09_robustness_curve_20260810T091537Z.csv,adversarial_robustness
gbm,blind,0.83,30,0,30,0,0,0,1.0,,30,0.0,0.0,0.0,0.0,0ba387c649f0f42a31bd4b0967b021ccf4c2220f,exp09_robustness_curve_20260810T091537Z.csv,adversarial_robustness
gbm,blind,0.85,30,0,30,0,0,0,1.0,,30,0.0,0.0,0.0,0.0,0ba387c649f0f42a31bd4b0967b021ccf4c2220f,exp09_robustness_curve_20260810T091537Z.csv,adversarial_robustness
gbm,blind,0.87,30,0,30,0,0,0,1.0,,30,0.0,0.0,0.0,0.0,0ba387c649f0f42a31bd4b0967b021ccf4c2220f,exp09_robustness_curve_20260810T091537Z.csv,adversarial_robustness
gbm,blind,0.89,30,0,30,0,0,0,1.0,,30,0.0,0.0,0.0,0.0,0ba387c649f0f42a31bd4b0967b021ccf4c2220f,exp09_robustness_curve_20260810T091537Z.csv,adversarial_robustness
gbm,blind,0.91,30,0,30,0,0,0,1.0,,30,0.0,0.0,0.0,0.0,0ba387c649f0f42a31bd4b0967b021ccf4c2220f,exp09_robustness_curve_20260810T091537Z.csv,adversarial_robustness
gbm,blind,0.93,30,0,30,0,0,0,1.0,,30,0.0,0.0,0.0,0.0,0ba387c649f0f42a31bd4b0967b021ccf4c2220f,exp09_robustness_curve_20260810T091537Z.csv,adversarial_robustness
gbm,blind,0.95,30,0,30,0,0,0,1.0,,30,0.0,0.0,0.0,0.0,0ba387c649f0f42a31bd4b0967b021ccf4c2220f,exp09_robustness_curve_20260810T091537Z.csv,adversarial_robustness
gbm,blind,0.97,30,0,30,0,0,0,1.0,,30,0.0,0.0,0.0,0.0,0ba387c649f0f42a31bd4b0967b021ccf4c2220f,exp09_robustness_curve_20260810T091537Z.csv,adversarial_robustness
gbm,blind,0.99,30,0,30,0,0,0,1.0,,30,0.0,0.0,0.0,0.0,0ba387c649f0f42a31bd4b0967b021ccf4c2220f,exp09_robustness_curve_20260810T091537Z.csv,adversarial_robustness
gbm,analytics,0.05,30,0,25,0,0,5,1.0,0.0,25,0.0,0.0,0.0,0.0,0ba387c649f0f42a31bd4b0967b021ccf4c2220f,exp09_robustness_curve_20260810T091537Z.csv,adversarial_robustness
gbm,analytics,0.07,30,0,25,0,0,5,1.0,0.0,25,0.0,0.0,0.0,0.0,0ba387c649f0f42a31bd4b0967b021ccf4c2220f,exp09_robustness_curve_20260810T091537Z.csv,adversarial_robustness
gbm,analytics,0.09,30,0,25,0,0,5,1.0,0.0,25,0.0,0.0,0.0,0.0,0ba387c649f0f42a31bd4b0967b021ccf4c2220f,exp09_robustness_curve_20260810T091537Z.csv,adversarial_robustness
gbm,analytics,0.11,30,0,25,0,0,5,1.0,0.0,25,0.0,0.0,0.0,0.0,0ba387c649f0f42a31bd4b0967b021ccf4c2220f,exp09_robustness_curve_20260810T091537Z.csv,adversarial_robustness
gbm,analytics,0.13,30,0,25,0,0,5,1.0,0.0,25,0.0,0.0,0.0,0.0,0ba387c649f0f42a31bd4b0967b021ccf4c2220f,exp09_robustness_curve_20260810T091537Z.csv,adversarial_robustness
gbm,analytics,0.15,30,0,25,0,0,5,1.0,0.0,25,0.0,0.0,0.0,0.0,0ba387c649f0f42a31bd4b0967b021ccf4c2220f,exp09_robustness_curve_20260810T091537Z.csv,adversarial_robustness
gbm,analytics,0.17,30,0,25,0,0,5,1.0,0.0,25,0.0,0.0,0.0,0.0,0ba387c649f0f42a31bd4b0967b021ccf4c2220f,exp09_robustness_curve_20260810T091537Z.csv,adversarial_robustness
gbm,analytics,0.19,30,0,25,0,0,5,1.0,0.0,25,0.0,0.0,0.0,0.0,0ba387c649f0f42a31bd4b0967b021ccf4c2220f,exp09_robustness_curve_20260810T091537Z.csv,adversarial_robustness
gbm,analytics,0.21,30,0,25,0,0,5,1.0,0.0,25,0.0,0.0,0.0,0.0,0ba387c649f0f42a31bd4b0967b021ccf4c2220f,exp09_robustness_curve_20260810T091537Z.csv,adversarial_robustness
gbm,analytics,0.23,30,0,25,0,0,5,1.0,0.0,25,0.0,0.0,0.0,0.0,0ba387c649f0f42a31bd4b0967b021ccf4c2220f,exp09_robustness_curve_20260810T091537Z.csv,adversarial_robustness
gbm,analytics,0.25,30,0,25,0,0,5,1.0,0.0,25,0.0,0.0,0.0,0.0,0ba387c649f0f42a31bd4b0967b021ccf4c2220f,exp09_robustness_curve_20260810T091537Z.csv,adversarial_robustness
gbm,analytics,0.27,30,0,25,0,0,5,1.0,0.0,25,0.0,0.0,0.0,0.0,0ba387c649f0f42a31bd4b0967b021ccf4c2220f,exp09_robustness_curve_20260810T091537Z.csv,adversarial_robustness
gbm,analytics,0.29,30,0,25,0,0,5,1.0,0.0,25,0.0,0.0,0.0,0.0,0ba387c649f0f42a31bd4b0967b021ccf4c2220f,exp09_robustness_curve_20260810T091537Z.csv,adversarial_robustness
gbm,analytics,0.31,30,0,25,0,0,5,1.0,0.0,25,0.0,0.0,0.0,0.0,0ba387c649f0f42a31bd4b0967b021ccf4c2220f,exp09_robustness_curve_20260810T091537Z.csv,adversarial_robustness
gbm,analytics,0.33,30,0,25,0,0,5,1.0,0.0,25,0.0,0.0,0.0,0.0,0ba387c649f0f42a31bd4b0967b021ccf4c2220f,exp09_robustness_curve_20260810T091537Z.csv,adversarial_robustness
gbm,analytics,0.35,30,0,25,0,0,5,1.0,0.0,25,0.0,0.0,0.0,0.0,0ba387c649f0f42a31bd4b0967b021ccf4c2220f,exp09_robustness_curve_20260810T091537Z.csv,adversarial_robustness
gbm,analytics,0.37,30,0,25,0,0,5,1.0,0.0,25,0.0,0.0,0.0,0.0,0ba387c649f0f42a31bd4b0967b021ccf4c2220f,exp09_robustness_curve_20260810T091537Z.csv,adversarial_robustness
gbm,analytics,0.39,30,0,25,0,0,5,1.0,0.0,25,0.0,0.0,0.0,0.0,0ba387c649f0f42a31bd4b0967b021ccf4c2220f,exp09_robustness_curve_20260810T091537Z.csv,adversarial_robustness
gbm,analytics,0.41,30,0,25,0,0,5,1.0,0.0,25,0.0,0.0,0.0,0.0,0ba387c649f0f42a31bd4b0967b021ccf4c2220f,exp09_robustness_curve_20260810T091537Z.csv,adversarial_robustness
gbm,analytics,0.43,30,0,25,0,0,5,1.0,0.0,25,0.0,0.0,0.0,0.0,0ba387c649f0f42a31bd4b0967b021ccf4c2220f,exp09_robustness_curve_20260810T091537Z.csv,adversarial_robustness
gbm,analytics,0.45,30,0,25,0,0,5,1.0,0.0,25,0.0,0.0,0.0,0.0,0ba387c649f0f42a31bd4b0967b021ccf4c2220f,exp09_robustness_curve_20260810T091537Z.csv,adversarial_robustness
gbm,analytics,0.47,30,0,25,0,0,5,1.0,0.0,25,0.0,0.0,0.0,0.0,0ba387c649f0f42a31bd4b0967b021ccf4c2220f,exp09_robustness_curve_20260810T091537Z.csv,adversarial_robustness
gbm,analytics,0.49,30,0,25,0,0,5,1.0,0.0,25,0.0,0.0,0.0,0.0,0ba387c649f0f42a31bd4b0967b021ccf4c2220f,exp09_robustness_curve_20260810T091537Z.csv,adversarial_robustness
gbm,analytics,0.51,30,0,25,0,0,5,1.0,0.0,25,0.0,0.0,0.0,0.0,0ba387c649f0f42a31bd4b0967b021ccf4c2220f,exp09_robustness_curve_20260810T091537Z.csv,adversarial_robustness
gbm,analytics,0.53,30,0,25,0,0,5,1.0,0.0,25,0.0,0.0,0.0,0.0,0ba387c649f0f42a31bd4b0967b021ccf4c2220f,exp09_robustness_curve_20260810T091537Z.csv,adversarial_robustness
gbm,analytics,0.55,30,0,25,0,0,5,1.0,0.0,25,0.0,0.0,0.0,0.0,0ba387c649f0f42a31bd4b0967b021ccf4c2220f,exp09_robustness_curve_20260810T091537Z.csv,adversarial_robustness
gbm,analytics,0.57,30,0,25,0,0,5,1.0,0.0,25,0.0,0.0,0.0,0.0,0ba387c649f0f42a31bd4b0967b021ccf4c2220f,exp09_robustness_curve_20260810T091537Z.csv,adversarial_robustness
gbm,analytics,0.59,30,0,25,0,0,5,1.0,0.0,25,0.0,0.0,0.0,0.0,0ba387c649f0f42a31bd4b0967b021ccf4c2220f,exp09_robustness_curve_20260810T091537Z.csv,adversarial_robustness
gbm,analytics,0.61,30,0,25,0,0,5,1.0,0.0,25,0.0,0.0,0.0,0.0,0ba387c649f0f42a31bd4b0967b021ccf4c2220f,exp09_robustness_curve_20260810T091537Z.csv,adversarial_robustness
gbm,analytics,0.63,30,0,25,0,0,5,1.0,0.0,25,0.0,0.0,0.0,0.0,0ba387c649f0f42a31bd4b0967b021ccf4c2220f,exp09_robustness_curve_20260810T091537Z.csv,adversarial_robustness
gbm,analytics,0.65,30,0,25,0,0,5,1.0,0.0,25,0.0,0.0,0.0,0.0,0ba387c649f0f42a31bd4b0967b021ccf4c2220f,exp09_robustness_curve_20260810T091537Z.csv,adversarial_robustness
gbm,analytics,0.67,30,0,25,0,0,5,1.0,0.0,25,0.0,0.0,0.0,0.0,0ba387c649f0f42a31bd4b0967b021ccf4c2220f,exp09_robustness_curve_20260810T091537Z.csv,adversarial_robustness
gbm,analytics,0.69,30,0,25,0,0,5,1.0,0.0,25,0.0,0.0,0.0,0.0,0ba387c649f0f42a31bd4b0967b021ccf4c2220f,exp09_robustness_curve_20260810T091537Z.csv,adversarial_robustness
gbm,analytics,0.71,30,0,25,0,0,5,1.0,0.0,25,0.0,0.0,0.0,0.0,0ba387c649f0f42a31bd4b0967b021ccf4c2220f,exp09_robustness_curve_20260810T091537Z.csv,adversarial_robustness
gbm,analytics,0.73,30,0,25,0,0,5,1.0,0.0,25,0.0,0.0,0.0,0.0,0ba387c649f0f42a31bd4b0967b021ccf4c2220f,exp09_robustness_curve_20260810T091537Z.csv,adversarial_robustness
gbm,analytics,0.75,30,0,25,0,0,5,1.0,0.0,25,0.0,0.0,0.0,0.0,0ba387c649f0f42a31bd4b0967b021ccf4c2220f,exp09_robustness_curve_20260810T091537Z.csv,adversarial_robustness
gbm,analytics,0.77,30,0,25,0,0,5,1.0,0.0,25,0.0,0.0,0.0,0.0,0ba387c649f0f42a31bd4b0967b021ccf4c2220f,exp09_robustness_curve_20260810T091537Z.csv,adversarial_robustness
gbm,analytics,0.79,30,0,25,0,0,5,1.0,0.0,25,0.0,0.0,0.0,0.0,0ba387c649f0f42a31bd4b0967b021ccf4c2220f,exp09_robustness_curve_20260810T091537Z.csv,adversarial_robustness
gbm,analytics,0.81,30,0,25,0,0,5,1.0,0.0,25,0.0,0.0,0.0,0.0,0ba387c649f0f42a31bd4b0967b021ccf4c2220f,exp09_robustness_curve_20260810T091537Z.csv,adversarial_robustness
gbm,analytics,0.83,30,0,25,0,0,5,1.0,0.0,25,0.0,0.0,0.0,0.0,0ba387c649f0f42a31bd4b0967b021ccf4c2220f,exp09_robustness_curve_20260810T091537Z.csv,adversarial_robustness
gbm,analytics,0.85,30,0,25,0,0,5,1.0,0.0,25,0.0,0.0,0.0,0.0,0ba387c649f0f42a31bd4b0967b021ccf4c2220f,exp09_robustness_curve_20260810T091537Z.csv,adversarial_robustness
gbm,analytics,0.87,30,0,25,0,0,5,1.0,0.0,25,0.0,0.0,0.0,0.0,0ba387c649f0f42a31bd4b0967b021ccf4c2220f,exp09_robustness_curve_20260810T091537Z.csv,adversarial_robustness
gbm,analytics,0.89,30,0,25,0,0,5,1.0,0.0,25,0.0,0.0,0.0,0.0,0ba387c649f0f42a31bd4b0967b021ccf4c2220f,exp09_robustness_curve_20260810T091537Z.csv,adversarial_robustness
gbm,analytics,0.91,30,0,25,0,0,5,1.0,0.0,25,0.0,0.0,0.0,0.0,0ba387c649f0f42a31bd4b0967b021ccf4c2220f,exp09_robustness_curve_20260810T091537Z.csv,adversarial_robustness
gbm,analytics,0.93,30,0,25,0,0,5,1.0,0.0,25,0.0,0.0,0.0,0.0,0ba387c649f0f42a31bd4b0967b021ccf4c2220f,exp09_robustness_curve_20260810T091537Z.csv,adversarial_robustness
gbm,analytics,0.95,30,0,25,0,0,5,1.0,0.0,25,0.0,0.0,0.0,0.0,0ba387c649f0f42a31bd4b0967b021ccf4c2220f,exp09_robustness_curve_20260810T091537Z.csv,adversarial_robustness
gbm,analytics,0.97,30,0,25,0,0,5,1.0,0.0,25,0.0,0.0,0.0,0.0,0ba387c649f0f42a31bd4b0967b021ccf4c2220f,exp09_robustness_curve_20260810T091537Z.csv,adversarial_robustness
gbm,analytics,0.99,30,0,25,0,0,5,1.0,0.0,25,0.0,0.0,0.0,0.0,0ba387c649f0f42a31bd4b0967b021ccf4c2220f,exp09_robustness_curve_20260810T091537Z.csv,adversarial_robustness
gbm,full_dbn,0.05,30,0,30,0,0,0,1.0,,30,0.0,0.0,0.0,0.0,0ba387c649f0f42a31bd4b0967b021ccf4c2220f,exp09_robustness_curve_20260810T091537Z.csv,adversarial_robustness
gbm,full_dbn,0.07,30,0,30,0,0,0,1.0,,30,0.0,0.0,0.0,0.0,0ba387c649f0f42a31bd4b0967b021ccf4c2220f,exp09_robustness_curve_20260810T091537Z.csv,adversarial_robustness
gbm,full_dbn,0.09,30,0,30,0,0,0,1.0,,30,0.0,0.0,0.0,0.0,0ba387c649f0f42a31bd4b0967b021ccf4c2220f,exp09_robustness_curve_20260810T091537Z.csv,adversarial_robustness
gbm,full_dbn,0.11,30,0,30,0,0,0,1.0,,30,0.0,0.0,0.0,0.0,0ba387c649f0f42a31bd4b0967b021ccf4c2220f,exp09_robustness_curve_20260810T091537Z.csv,adversarial_robustness
gbm,full_dbn,0.13,30,0,30,0,0,0,1.0,,30,0.0,0.0,0.0,0.0,0ba387c649f0f42a31bd4b0967b021ccf4c2220f,exp09_robustness_curve_20260810T091537Z.csv,adversarial_robustness
gbm,full_dbn,0.15,30,0,30,0,0,0,1.0,,30,0.0,0.0,0.0,0.0,0ba387c649f0f42a31bd4b0967b021ccf4c2220f,exp09_robustness_curve_20260810T091537Z.csv,adversarial_robustness
gbm,full_dbn,0.17,30,0,30,0,0,0,1.0,,30,0.0,0.0,0.0,0.0,0ba387c649f0f42a31bd4b0967b021ccf4c2220f,exp09_robustness_curve_20260810T091537Z.csv,adversarial_robustness
gbm,full_dbn,0.19,30,0,30,0,0,0,1.0,,30,0.0,0.0,0.0,0.0,0ba387c649f0f42a31bd4b0967b021ccf4c2220f,exp09_robustness_curve_20260810T091537Z.csv,adversarial_robustness
gbm,full_dbn,0.21,30,0,30,0,0,0,1.0,,30,0.0,0.0,0.0,0.0,0ba387c649f0f42a31bd4b0967b021ccf4c2220f,exp09_robustness_curve_20260810T091537Z.csv,adversarial_robustness
gbm,full_dbn,0.23,30,0,30,0,0,0,1.0,,30,0.0,0.0,0.0,0.0,0ba387c649f0f42a31bd4b0967b021ccf4c2220f,exp09_robustness_curve_20260810T091537Z.csv,adversarial_robustness
gbm,full_dbn,0.25,30,0,30,0,0,0,1.0,,30,0.0,0.0,0.0,0.0,0ba387c649f0f42a31bd4b0967b021ccf4c2220f,exp09_robustness_curve_20260810T091537Z.csv,adversarial_robustness
gbm,full_dbn,0.27,30,0,30,0,0,0,1.0,,30,0.0,0.0,0.0,0.0,0ba387c649f0f42a31bd4b0967b021ccf4c2220f,exp09_robustness_curve_20260810T091537Z.csv,adversarial_robustness
gbm,full_dbn,0.29,30,0,30,0,0,0,1.0,,30,0.0,0.0,0.0,0.0,0ba387c649f0f42a31bd4b0967b021ccf4c2220f,exp09_robustness_curve_20260810T091537Z.csv,adversarial_robustness
gbm,full_dbn,0.31,30,0,30,0,0,0,1.0,,30,0.0,0.0,0.0,0.0,0ba387c649f0f42a31bd4b0967b021ccf4c2220f,exp09_robustness_curve_20260810T091537Z.csv,adversarial_robustness
gbm,full_dbn,0.33,30,0,30,0,0,0,1.0,,30,0.0,0.0,0.0,0.0,0ba387c649f0f42a31bd4b0967b021ccf4c2220f,exp09_robustness_curve_20260810T091537Z.csv,adversarial_robustness
gbm,full_dbn,0.35,30,0,30,0,0,0,1.0,,30,0.0,0.0,0.0,0.0,0ba387c649f0f42a31bd4b0967b021ccf4c2220f,exp09_robustness_curve_20260810T091537Z.csv,adversarial_robustness
gbm,full_dbn,0.37,30,0,30,0,0,0,1.0,,30,0.0,0.0,0.0,0.0,0ba387c649f0f42a31bd4b0967b021ccf4c2220f,exp09_robustness_curve_20260810T091537Z.csv,adversarial_robustness
gbm,full_dbn,0.39,30,0,30,0,0,0,1.0,,30,0.0,0.0,0.0,0.0,0ba387c649f0f42a31bd4b0967b021ccf4c2220f,exp09_robustness_curve_20260810T091537Z.csv,adversarial_robustness
gbm,full_dbn,0.41,30,0,30,0,0,0,1.0,,30,0.0,0.0,0.0,0.0,0ba387c649f0f42a31bd4b0967b021ccf4c2220f,exp09_robustness_curve_20260810T091537Z.csv,adversarial_robustness
gbm,full_dbn,0.43,30,0,30,0,0,0,1.0,,30,0.0,0.0,0.0,0.0,0ba387c649f0f42a31bd4b0967b021ccf4c2220f,exp09_robustness_curve_20260810T091537Z.csv,adversarial_robustness
gbm,full_dbn,0.45,30,0,30,0,0,0,1.0,,30,0.0,0.0,0.0,0.0,0ba387c649f0f42a31bd4b0967b021ccf4c2220f,exp09_robustness_curve_20260810T091537Z.csv,adversarial_robustness
gbm,full_dbn,0.47,30,0,30,0,0,0,1.0,,30,0.0,0.0,0.0,0.0,0ba387c649f0f42a31bd4b0967b021ccf4c2220f,exp09_robustness_curve_20260810T091537Z.csv,adversarial_robustness
gbm,full_dbn,0.49,30,0,30,0,0,0,1.0,,30,0.0,0.0,0.0,0.0,0ba387c649f0f42a31bd4b0967b021ccf4c2220f,exp09_robustness_curve_20260810T091537Z.csv,adversarial_robustness
gbm,full_dbn,0.51,30,0,30,0,0,0,1.0,,30,0.0,0.0,0.0,0.0,0ba387c649f0f42a31bd4b0967b021ccf4c2220f,exp09_robustness_curve_20260810T091537Z.csv,adversarial_robustness
gbm,full_dbn,0.53,30,0,30,0,0,0,1.0,,30,0.0,0.0,0.0,0.0,0ba387c649f0f42a31bd4b0967b021ccf4c2220f,exp09_robustness_curve_20260810T091537Z.csv,adversarial_robustness
gbm,full_dbn,0.55,30,0,30,0,0,0,1.0,,30,0.0,0.0,0.0,0.0,0ba387c649f0f42a31bd4b0967b021ccf4c2220f,exp09_robustness_curve_20260810T091537Z.csv,adversarial_robustness
gbm,full_dbn,0.57,30,0,30,0,0,0,1.0,,30,0.0,0.0,0.0,0.0,0ba387c649f0f42a31bd4b0967b021ccf4c2220f,exp09_robustness_curve_20260810T091537Z.csv,adversarial_robustness
gbm,full_dbn,0.59,30,0,30,0,0,0,1.0,,30,0.0,0.0,0.0,0.0,0ba387c649f0f42a31bd4b0967b021ccf4c2220f,exp09_robustness_curve_20260810T091537Z.csv,adversarial_robustness
gbm,full_dbn,0.61,30,0,30,0,0,0,1.0,,30,0.0,0.0,0.0,0.0,0ba387c649f0f42a31bd4b0967b021ccf4c2220f,exp09_robustness_curve_20260810T091537Z.csv,adversarial_robustness
gbm,full_dbn,0.63,30,0,30,0,0,0,1.0,,30,0.0,0.0,0.0,0.0,0ba387c649f0f42a31bd4b0967b021ccf4c2220f,exp09_robustness_curve_20260810T091537Z.csv,adversarial_robustness
gbm,full_dbn,0.65,30,0,30,0,0,0,1.0,,30,0.0,0.0,0.0,0.0,0ba387c649f0f42a31bd4b0967b021ccf4c2220f,exp09_robustness_curve_20260810T091537Z.csv,adversarial_robustness
gbm,full_dbn,0.67,30,0,30,0,0,0,1.0,,30,0.0,0.0,0.0,0.0,0ba387c649f0f42a31bd4b0967b021ccf4c2220f,exp09_robustness_curve_20260810T091537Z.csv,adversarial_robustness
gbm,full_dbn,0.69,30,0,30,0,0,0,1.0,,30,0.0,0.0,0.0,0.0,0ba387c649f0f42a31bd4b0967b021ccf4c2220f,exp09_robustness_curve_20260810T091537Z.csv,adversarial_robustness
gbm,full_dbn,0.71,30,0,30,0,0,0,1.0,,30,0.0,0.0,0.0,0.0,0ba387c649f0f42a31bd4b0967b021ccf4c2220f,exp09_robustness_curve_20260810T091537Z.csv,adversarial_robustness
gbm,full_dbn,0.73,30,0,30,0,0,0,1.0,,30,0.0,0.0,0.0,0.0,0ba387c649f0f42a31bd4b0967b021ccf4c2220f,exp09_robustness_curve_20260810T091537Z.csv,adversarial_robustness
gbm,full_dbn,0.75,30,0,30,0,0,0,1.0,,30,0.0,0.0,0.0,0.0,0ba387c649f0f42a31bd4b0967b021ccf4c2220f,exp09_robustness_curve_20260810T091537Z.csv,adversarial_robustness
gbm,full_dbn,0.77,30,0,30,0,0,0,1.0,,30,0.0,0.0,0.0,0.0,0ba387c649f0f42a31bd4b0967b021ccf4c2220f,exp09_robustness_curve_20260810T091537Z.csv,adversarial_robustness
gbm,full_dbn,0.79,30,0,30,0,0,0,1.0,,30,0.0,0.0,0.0,0.0,0ba387c649f0f42a31bd4b0967b021ccf4c2220f,exp09_robustness_curve_20260810T091537Z.csv,adversarial_robustness
gbm,full_dbn,0.81,30,0,30,0,0,0,1.0,,30,0.0,0.0,0.0,0.0,0ba387c649f0f42a31bd4b0967b021ccf4c2220f,exp09_robustness_curve_20260810T091537Z.csv,adversarial_robustness
gbm,full_dbn,0.83,30,0,30,0,0,0,1.0,,30,0.0,0.0,0.0,0.0,0ba387c649f0f42a31bd4b0967b021ccf4c2220f,exp09_robustness_curve_20260810T091537Z.csv,adversarial_robustness
gbm,full_dbn,0.85,30,0,30,0,0,0,1.0,,30,0.0,0.0,0.0,0.0,0ba387c649f0f42a31bd4b0967b021ccf4c2220f,exp09_robustness_curve_20260810T091537Z.csv,adversarial_robustness
gbm,full_dbn,0.87,30,0,30,0,0,0,1.0,,30,0.0,0.0,0.0,0.0,0ba387c649f0f42a31bd4b0967b021ccf4c2220f,exp09_robustness_curve_20260810T091537Z.csv,adversarial_robustness
gbm,full_dbn,0.89,30,0,30,0,0,0,1.0,,30,0.0,0.0,0.0,0.0,0ba387c649f0f42a31bd4b0967b021ccf4c2220f,exp09_robustness_curve_20260810T091537Z.csv,adversarial_robustness
gbm,full_dbn,0.91,30,0,30,0,0,0,1.0,,30,0.0,0.0,0.0,0.0,0ba387c649f0f42a31bd4b0967b021ccf4c2220f,exp09_robustness_curve_20260810T091537Z.csv,adversarial_robustness
gbm,full_dbn,0.93,30,0,30,0,0,0,1.0,,30,0.0,0.0,0.0,0.0,0ba387c649f0f42a31bd4b0967b021ccf4c2220f,exp09_robustness_curve_20260810T091537Z.csv,adversarial_robustness
gbm,full_dbn,0.95,30,0,30,0,0,0,1.0,,30,0.0,0.0,0.0,0.0,0ba387c649f0f42a31bd4b0967b021ccf4c2220f,exp09_robustness_curve_20260810T091537Z.csv,adversarial_robustness
gbm,full_dbn,0.97,30,0,30,0,0,0,1.0,,30,0.0,0.0,0.0,0.0,0ba387c649f0f42a31bd4b0967b021ccf4c2220f,exp09_robustness_curve_20260810T091537Z.csv,adversarial_robustness
gbm,full_dbn,0.99,30,0,30,0,0,0,1.0,,30,0.0,0.0,0.0,0.0,0ba387c649f0f42a31bd4b0967b021ccf4c2220f,exp09_robustness_curve_20260810T091537Z.csv,adversarial_robustness
lstm_ae,blind,0.05,30,30,0,0,0,0,1.0,,30,21.0,7.0,54.0,29.366666666666667,0ba387c649f0f42a31bd4b0967b021ccf4c2220f,exp09_robustness_curve_20260810T091537Z.csv,adversarial_robustness
lstm_ae,blind,0.07,30,30,0,0,0,0,1.0,,30,21.0,7.0,54.0,29.366666666666667,0ba387c649f0f42a31bd4b0967b021ccf4c2220f,exp09_robustness_curve_20260810T091537Z.csv,adversarial_robustness
lstm_ae,blind,0.09,30,30,0,0,0,0,1.0,,30,21.0,7.0,54.0,29.366666666666667,0ba387c649f0f42a31bd4b0967b021ccf4c2220f,exp09_robustness_curve_20260810T091537Z.csv,adversarial_robustness
lstm_ae,blind,0.11,30,30,0,0,0,0,1.0,,30,21.0,7.0,54.0,29.366666666666667,0ba387c649f0f42a31bd4b0967b021ccf4c2220f,exp09_robustness_curve_20260810T091537Z.csv,adversarial_robustness
lstm_ae,blind,0.13,30,30,0,0,0,0,1.0,,30,21.0,7.0,54.0,29.366666666666667,0ba387c649f0f42a31bd4b0967b021ccf4c2220f,exp09_robustness_curve_20260810T091537Z.csv,adversarial_robustness
lstm_ae,blind,0.15,30,30,0,0,0,0,1.0,,30,21.0,7.0,54.0,29.366666666666667,0ba387c649f0f42a31bd4b0967b021ccf4c2220f,exp09_robustness_curve_20260810T091537Z.csv,adversarial_robustness
lstm_ae,blind,0.17,30,30,0,0,0,0,1.0,,30,21.0,7.0,54.0,29.366666666666667,0ba387c649f0f42a31bd4b0967b021ccf4c2220f,exp09_robustness_curve_20260810T091537Z.csv,adversarial_robustness
lstm_ae,blind,0.19,30,30,0,0,0,0,1.0,,30,21.0,7.0,54.0,29.366666666666667,0ba387c649f0f42a31bd4b0967b021ccf4c2220f,exp09_robustness_curve_20260810T091537Z.csv,adversarial_robustness
lstm_ae,blind,0.21,30,30,0,0,0,0,1.0,,30,21.0,7.0,54.0,29.366666666666667,0ba387c649f0f42a31bd4b0967b021ccf4c2220f,exp09_robustness_curve_20260810T091537Z.csv,adversarial_robustness
lstm_ae,blind,0.23,30,30,0,0,0,0,1.0,,30,21.0,7.0,54.0,29.366666666666667,0ba387c649f0f42a31bd4b0967b021ccf4c2220f,exp09_robustness_curve_20260810T091537Z.csv,adversarial_robustness
lstm_ae,blind,0.25,30,30,0,0,0,0,1.0,,30,21.0,7.0,54.0,29.366666666666667,0ba387c649f0f42a31bd4b0967b021ccf4c2220f,exp09_robustness_curve_20260810T091537Z.csv,adversarial_robustness
lstm_ae,blind,0.27,30,30,0,0,0,0,1.0,,30,21.0,7.0,54.0,29.366666666666667,0ba387c649f0f42a31bd4b0967b021ccf4c2220f,exp09_robustness_curve_20260810T091537Z.csv,adversarial_robustness
lstm_ae,blind,0.29,30,30,0,0,0,0,1.0,,30,21.0,7.0,54.0,29.366666666666667,0ba387c649f0f42a31bd4b0967b021ccf4c2220f,exp09_robustness_curve_20260810T091537Z.csv,adversarial_robustness
lstm_ae,blind,0.31,30,30,0,0,0,0,1.0,,30,21.0,7.0,54.0,29.366666666666667,0ba387c649f0f42a31bd4b0967b021ccf4c2220f,exp09_robustness_curve_20260810T091537Z.csv,adversarial_robustness
lstm_ae,blind,0.33,30,30,0,0,0,0,1.0,,30,21.0,7.0,54.0,29.366666666666667,0ba387c649f0f42a31bd4b0967b021ccf4c2220f,exp09_robustness_curve_20260810T091537Z.csv,adversarial_robustness
lstm_ae,blind,0.35,30,30,0,0,0,0,1.0,,30,21.0,7.0,54.0,29.366666666666667,0ba387c649f0f42a31bd4b0967b021ccf4c2220f,exp09_robustness_curve_20260810T091537Z.csv,adversarial_robustness
lstm_ae,blind,0.37,30,30,0,0,0,0,1.0,,30,21.0,7.0,54.0,29.366666666666667,0ba387c649f0f42a31bd4b0967b021ccf4c2220f,exp09_robustness_curve_20260810T091537Z.csv,adversarial_robustness
lstm_ae,blind,0.39,30,30,0,0,0,0,1.0,,30,21.0,7.0,54.0,29.366666666666667,0ba387c649f0f42a31bd4b0967b021ccf4c2220f,exp09_robustness_curve_20260810T091537Z.csv,adversarial_robustness
lstm_ae,blind,0.41,30,30,0,0,0,0,1.0,,30,21.0,7.0,54.0,29.366666666666667,0ba387c649f0f42a31bd4b0967b021ccf4c2220f,exp09_robustness_curve_20260810T091537Z.csv,adversarial_robustness
lstm_ae,blind,0.43,30,30,0,0,0,0,1.0,,30,21.0,7.0,54.0,29.366666666666667,0ba387c649f0f42a31bd4b0967b021ccf4c2220f,exp09_robustness_curve_20260810T091537Z.csv,adversarial_robustness
lstm_ae,blind,0.45,30,30,0,0,0,0,1.0,,30,21.0,7.0,54.0,29.366666666666667,0ba387c649f0f42a31bd4b0967b021ccf4c2220f,exp09_robustness_curve_20260810T091537Z.csv,adversarial_robustness
lstm_ae,blind,0.47,30,30,0,0,0,0,1.0,,30,21.0,7.0,54.0,29.366666666666667,0ba387c649f0f42a31bd4b0967b021ccf4c2220f,exp09_robustness_curve_20260810T091537Z.csv,adversarial_robustness
lstm_ae,blind,0.49,30,30,0,0,0,0,1.0,,30,21.0,7.0,54.0,29.366666666666667,0ba387c649f0f42a31bd4b0967b021ccf4c2220f,exp09_robustness_curve_20260810T091537Z.csv,adversarial_robustness
lstm_ae,blind,0.51,30,28,2,0,0,0,1.0,,30,15.0,1.0,48.0,23.366666666666667,0ba387c649f0f42a31bd4b0967b021ccf4c2220f,exp09_robustness_curve_20260810T091537Z.csv,adversarial_robustness
lstm_ae,blind,0.53,30,28,2,0,0,0,1.0,,30,15.0,1.0,48.0,23.366666666666667,0ba387c649f0f42a31bd4b0967b021ccf4c2220f,exp09_robustness_curve_20260810T091537Z.csv,adversarial_robustness
lstm_ae,blind,0.55,30,28,2,0,0,0,1.0,,30,15.0,1.0,48.0,23.366666666666667,0ba387c649f0f42a31bd4b0967b021ccf4c2220f,exp09_robustness_curve_20260810T091537Z.csv,adversarial_robustness
lstm_ae,blind,0.57,30,28,2,0,0,0,1.0,,30,15.0,1.0,48.0,23.366666666666667,0ba387c649f0f42a31bd4b0967b021ccf4c2220f,exp09_robustness_curve_20260810T091537Z.csv,adversarial_robustness
lstm_ae,blind,0.59,30,28,2,0,0,0,1.0,,30,15.0,1.0,48.0,23.366666666666667,0ba387c649f0f42a31bd4b0967b021ccf4c2220f,exp09_robustness_curve_20260810T091537Z.csv,adversarial_robustness
lstm_ae,blind,0.61,30,28,2,0,0,0,1.0,,30,15.0,1.0,48.0,23.366666666666667,0ba387c649f0f42a31bd4b0967b021ccf4c2220f,exp09_robustness_curve_20260810T091537Z.csv,adversarial_robustness
lstm_ae,blind,0.63,30,28,2,0,0,0,1.0,,30,15.0,1.0,48.0,23.366666666666667,0ba387c649f0f42a31bd4b0967b021ccf4c2220f,exp09_robustness_curve_20260810T091537Z.csv,adversarial_robustness
lstm_ae,blind,0.65,30,28,2,0,0,0,1.0,,30,15.0,1.0,48.0,23.366666666666667,0ba387c649f0f42a31bd4b0967b021ccf4c2220f,exp09_robustness_curve_20260810T091537Z.csv,adversarial_robustness
lstm_ae,blind,0.67,30,28,2,0,0,0,1.0,,30,15.0,1.0,48.0,23.366666666666667,0ba387c649f0f42a31bd4b0967b021ccf4c2220f,exp09_robustness_curve_20260810T091537Z.csv,adversarial_robustness
lstm_ae,blind,0.69,30,28,2,0,0,0,1.0,,30,15.0,1.0,48.0,23.366666666666667,0ba387c649f0f42a31bd4b0967b021ccf4c2220f,exp09_robustness_curve_20260810T091537Z.csv,adversarial_robustness
lstm_ae,blind,0.71,30,28,2,0,0,0,1.0,,30,15.0,1.0,48.0,23.366666666666667,0ba387c649f0f42a31bd4b0967b021ccf4c2220f,exp09_robustness_curve_20260810T091537Z.csv,adversarial_robustness
lstm_ae,blind,0.73,30,28,2,0,0,0,1.0,,30,15.0,1.0,48.0,23.366666666666667,0ba387c649f0f42a31bd4b0967b021ccf4c2220f,exp09_robustness_curve_20260810T091537Z.csv,adversarial_robustness
lstm_ae,blind,0.75,30,28,2,0,0,0,1.0,,30,15.0,1.0,48.0,23.366666666666667,0ba387c649f0f42a31bd4b0967b021ccf4c2220f,exp09_robustness_curve_20260810T091537Z.csv,adversarial_robustness
lstm_ae,blind,0.77,30,28,2,0,0,0,1.0,,30,15.0,1.0,48.0,23.366666666666667,0ba387c649f0f42a31bd4b0967b021ccf4c2220f,exp09_robustness_curve_20260810T091537Z.csv,adversarial_robustness
lstm_ae,blind,0.79,30,28,2,0,0,0,1.0,,30,15.0,1.0,48.0,23.366666666666667,0ba387c649f0f42a31bd4b0967b021ccf4c2220f,exp09_robustness_curve_20260810T091537Z.csv,adversarial_robustness
lstm_ae,blind,0.81,30,28,2,0,0,0,1.0,,30,15.0,1.0,48.0,23.366666666666667,0ba387c649f0f42a31bd4b0967b021ccf4c2220f,exp09_robustness_curve_20260810T091537Z.csv,adversarial_robustness
lstm_ae,blind,0.83,30,28,2,0,0,0,1.0,,30,15.0,1.0,48.0,23.366666666666667,0ba387c649f0f42a31bd4b0967b021ccf4c2220f,exp09_robustness_curve_20260810T091537Z.csv,adversarial_robustness
lstm_ae,blind,0.85,30,28,2,0,0,0,1.0,,30,15.0,1.0,48.0,23.366666666666667,0ba387c649f0f42a31bd4b0967b021ccf4c2220f,exp09_robustness_curve_20260810T091537Z.csv,adversarial_robustness
lstm_ae,blind,0.87,30,28,2,0,0,0,1.0,,30,15.0,1.0,48.0,23.366666666666667,0ba387c649f0f42a31bd4b0967b021ccf4c2220f,exp09_robustness_curve_20260810T091537Z.csv,adversarial_robustness
lstm_ae,blind,0.89,30,28,2,0,0,0,1.0,,30,15.0,1.0,48.0,23.366666666666667,0ba387c649f0f42a31bd4b0967b021ccf4c2220f,exp09_robustness_curve_20260810T091537Z.csv,adversarial_robustness
lstm_ae,blind,0.91,30,28,2,0,0,0,1.0,,30,15.0,1.0,48.0,23.366666666666667,0ba387c649f0f42a31bd4b0967b021ccf4c2220f,exp09_robustness_curve_20260810T091537Z.csv,adversarial_robustness
lstm_ae,blind,0.93,30,28,2,0,0,0,1.0,,30,15.0,1.0,48.0,23.366666666666667,0ba387c649f0f42a31bd4b0967b021ccf4c2220f,exp09_robustness_curve_20260810T091537Z.csv,adversarial_robustness
lstm_ae,blind,0.95,30,28,2,0,0,0,1.0,,30,15.0,1.0,48.0,23.366666666666667,0ba387c649f0f42a31bd4b0967b021ccf4c2220f,exp09_robustness_curve_20260810T091537Z.csv,adversarial_robustness
lstm_ae,blind,0.97,30,28,2,0,0,0,1.0,,30,15.0,1.0,48.0,23.366666666666667,0ba387c649f0f42a31bd4b0967b021ccf4c2220f,exp09_robustness_curve_20260810T091537Z.csv,adversarial_robustness
lstm_ae,blind,0.99,30,28,2,0,0,0,1.0,,30,15.0,1.0,48.0,23.366666666666667,0ba387c649f0f42a31bd4b0967b021ccf4c2220f,exp09_robustness_curve_20260810T091537Z.csv,adversarial_robustness
lstm_ae,analytics,0.05,30,24,1,0,5,0,1.0,1.0,25,98.0,17.0,276.0,136.44,0ba387c649f0f42a31bd4b0967b021ccf4c2220f,exp09_robustness_curve_20260810T091537Z.csv,adversarial_robustness
lstm_ae,analytics,0.07,30,24,1,0,5,0,1.0,1.0,25,98.0,17.0,276.0,136.44,0ba387c649f0f42a31bd4b0967b021ccf4c2220f,exp09_robustness_curve_20260810T091537Z.csv,adversarial_robustness
lstm_ae,analytics,0.09,30,24,1,0,5,0,1.0,1.0,25,98.0,17.0,276.0,136.44,0ba387c649f0f42a31bd4b0967b021ccf4c2220f,exp09_robustness_curve_20260810T091537Z.csv,adversarial_robustness
lstm_ae,analytics,0.11,30,24,1,0,5,0,1.0,1.0,25,98.0,17.0,276.0,136.44,0ba387c649f0f42a31bd4b0967b021ccf4c2220f,exp09_robustness_curve_20260810T091537Z.csv,adversarial_robustness
lstm_ae,analytics,0.13,30,24,1,0,5,0,1.0,1.0,25,98.0,17.0,276.0,136.44,0ba387c649f0f42a31bd4b0967b021ccf4c2220f,exp09_robustness_curve_20260810T091537Z.csv,adversarial_robustness
lstm_ae,analytics,0.15,30,24,1,0,5,0,1.0,1.0,25,98.0,17.0,276.0,136.44,0ba387c649f0f42a31bd4b0967b021ccf4c2220f,exp09_robustness_curve_20260810T091537Z.csv,adversarial_robustness
lstm_ae,analytics,0.17,30,24,1,0,5,0,1.0,1.0,25,98.0,17.0,276.0,136.44,0ba387c649f0f42a31bd4b0967b021ccf4c2220f,exp09_robustness_curve_20260810T091537Z.csv,adversarial_robustness
lstm_ae,analytics,0.19,30,24,1,0,5,0,1.0,1.0,25,98.0,17.0,276.0,136.44,0ba387c649f0f42a31bd4b0967b021ccf4c2220f,exp09_robustness_curve_20260810T091537Z.csv,adversarial_robustness
lstm_ae,analytics,0.21,30,24,1,0,5,0,1.0,1.0,25,98.0,17.0,276.0,136.44,0ba387c649f0f42a31bd4b0967b021ccf4c2220f,exp09_robustness_curve_20260810T091537Z.csv,adversarial_robustness
lstm_ae,analytics,0.23,30,24,1,0,5,0,1.0,1.0,25,98.0,17.0,276.0,136.44,0ba387c649f0f42a31bd4b0967b021ccf4c2220f,exp09_robustness_curve_20260810T091537Z.csv,adversarial_robustness
lstm_ae,analytics,0.25,30,24,1,0,5,0,1.0,1.0,25,98.0,17.0,276.0,136.44,0ba387c649f0f42a31bd4b0967b021ccf4c2220f,exp09_robustness_curve_20260810T091537Z.csv,adversarial_robustness
lstm_ae,analytics,0.27,30,24,1,0,5,0,1.0,1.0,25,98.0,17.0,276.0,136.44,0ba387c649f0f42a31bd4b0967b021ccf4c2220f,exp09_robustness_curve_20260810T091537Z.csv,adversarial_robustness
lstm_ae,analytics,0.29,30,24,1,0,5,0,1.0,1.0,25,98.0,17.0,276.0,136.44,0ba387c649f0f42a31bd4b0967b021ccf4c2220f,exp09_robustness_curve_20260810T091537Z.csv,adversarial_robustness
lstm_ae,analytics,0.31,30,24,1,0,5,0,1.0,1.0,25,98.0,17.0,276.0,136.44,0ba387c649f0f42a31bd4b0967b021ccf4c2220f,exp09_robustness_curve_20260810T091537Z.csv,adversarial_robustness
lstm_ae,analytics,0.33,30,24,1,0,5,0,1.0,1.0,25,98.0,17.0,276.0,136.44,0ba387c649f0f42a31bd4b0967b021ccf4c2220f,exp09_robustness_curve_20260810T091537Z.csv,adversarial_robustness
lstm_ae,analytics,0.35,30,24,1,0,5,0,1.0,1.0,25,98.0,17.0,276.0,136.44,0ba387c649f0f42a31bd4b0967b021ccf4c2220f,exp09_robustness_curve_20260810T091537Z.csv,adversarial_robustness
lstm_ae,analytics,0.37,30,24,1,0,5,0,1.0,1.0,25,98.0,17.0,276.0,136.44,0ba387c649f0f42a31bd4b0967b021ccf4c2220f,exp09_robustness_curve_20260810T091537Z.csv,adversarial_robustness
lstm_ae,analytics,0.39,30,24,1,0,5,0,1.0,1.0,25,98.0,17.0,276.0,136.44,0ba387c649f0f42a31bd4b0967b021ccf4c2220f,exp09_robustness_curve_20260810T091537Z.csv,adversarial_robustness
lstm_ae,analytics,0.41,30,24,1,0,5,0,1.0,1.0,25,98.0,17.0,276.0,136.44,0ba387c649f0f42a31bd4b0967b021ccf4c2220f,exp09_robustness_curve_20260810T091537Z.csv,adversarial_robustness
lstm_ae,analytics,0.43,30,24,1,0,5,0,1.0,1.0,25,98.0,17.0,276.0,136.44,0ba387c649f0f42a31bd4b0967b021ccf4c2220f,exp09_robustness_curve_20260810T091537Z.csv,adversarial_robustness
lstm_ae,analytics,0.45,30,24,1,0,5,0,1.0,1.0,25,98.0,17.0,276.0,136.44,0ba387c649f0f42a31bd4b0967b021ccf4c2220f,exp09_robustness_curve_20260810T091537Z.csv,adversarial_robustness
lstm_ae,analytics,0.47,30,24,1,0,5,0,1.0,1.0,25,98.0,17.0,276.0,136.44,0ba387c649f0f42a31bd4b0967b021ccf4c2220f,exp09_robustness_curve_20260810T091537Z.csv,adversarial_robustness
lstm_ae,analytics,0.49,30,24,1,0,5,0,1.0,1.0,25,98.0,17.0,276.0,136.44,0ba387c649f0f42a31bd4b0967b021ccf4c2220f,exp09_robustness_curve_20260810T091537Z.csv,adversarial_robustness
lstm_ae,analytics,0.51,30,24,1,0,5,0,1.0,1.0,25,92.0,11.0,270.0,130.68,0ba387c649f0f42a31bd4b0967b021ccf4c2220f,exp09_robustness_curve_20260810T091537Z.csv,adversarial_robustness
lstm_ae,analytics,0.53,30,24,1,0,5,0,1.0,1.0,25,92.0,11.0,270.0,130.68,0ba387c649f0f42a31bd4b0967b021ccf4c2220f,exp09_robustness_curve_20260810T091537Z.csv,adversarial_robustness
lstm_ae,analytics,0.55,30,24,1,0,5,0,1.0,1.0,25,92.0,11.0,270.0,130.68,0ba387c649f0f42a31bd4b0967b021ccf4c2220f,exp09_robustness_curve_20260810T091537Z.csv,adversarial_robustness
lstm_ae,analytics,0.57,30,24,1,0,5,0,1.0,1.0,25,92.0,11.0,270.0,130.68,0ba387c649f0f42a31bd4b0967b021ccf4c2220f,exp09_robustness_curve_20260810T091537Z.csv,adversarial_robustness
lstm_ae,analytics,0.59,30,24,1,0,5,0,1.0,1.0,25,92.0,11.0,270.0,130.68,0ba387c649f0f42a31bd4b0967b021ccf4c2220f,exp09_robustness_curve_20260810T091537Z.csv,adversarial_robustness
lstm_ae,analytics,0.61,30,24,1,0,5,0,1.0,1.0,25,92.0,11.0,270.0,130.68,0ba387c649f0f42a31bd4b0967b021ccf4c2220f,exp09_robustness_curve_20260810T091537Z.csv,adversarial_robustness
lstm_ae,analytics,0.63,30,24,1,0,5,0,1.0,1.0,25,92.0,11.0,270.0,130.68,0ba387c649f0f42a31bd4b0967b021ccf4c2220f,exp09_robustness_curve_20260810T091537Z.csv,adversarial_robustness
lstm_ae,analytics,0.65,30,24,1,0,5,0,1.0,1.0,25,92.0,11.0,270.0,130.68,0ba387c649f0f42a31bd4b0967b021ccf4c2220f,exp09_robustness_curve_20260810T091537Z.csv,adversarial_robustness
lstm_ae,analytics,0.67,30,24,1,0,5,0,1.0,1.0,25,92.0,11.0,270.0,130.68,0ba387c649f0f42a31bd4b0967b021ccf4c2220f,exp09_robustness_curve_20260810T091537Z.csv,adversarial_robustness
lstm_ae,analytics,0.69,30,24,1,0,5,0,1.0,1.0,25,92.0,11.0,270.0,130.68,0ba387c649f0f42a31bd4b0967b021ccf4c2220f,exp09_robustness_curve_20260810T091537Z.csv,adversarial_robustness
lstm_ae,analytics,0.71,30,24,1,0,5,0,1.0,1.0,25,92.0,11.0,270.0,130.68,0ba387c649f0f42a31bd4b0967b021ccf4c2220f,exp09_robustness_curve_20260810T091537Z.csv,adversarial_robustness
lstm_ae,analytics,0.73,30,24,1,0,5,0,1.0,1.0,25,92.0,11.0,270.0,130.68,0ba387c649f0f42a31bd4b0967b021ccf4c2220f,exp09_robustness_curve_20260810T091537Z.csv,adversarial_robustness
lstm_ae,analytics,0.75,30,24,1,0,5,0,1.0,1.0,25,92.0,11.0,270.0,130.68,0ba387c649f0f42a31bd4b0967b021ccf4c2220f,exp09_robustness_curve_20260810T091537Z.csv,adversarial_robustness
lstm_ae,analytics,0.77,30,24,1,0,5,0,1.0,1.0,25,92.0,11.0,270.0,130.68,0ba387c649f0f42a31bd4b0967b021ccf4c2220f,exp09_robustness_curve_20260810T091537Z.csv,adversarial_robustness
lstm_ae,analytics,0.79,30,24,1,0,5,0,1.0,1.0,25,92.0,11.0,270.0,130.68,0ba387c649f0f42a31bd4b0967b021ccf4c2220f,exp09_robustness_curve_20260810T091537Z.csv,adversarial_robustness
lstm_ae,analytics,0.81,30,24,1,0,5,0,1.0,1.0,25,92.0,11.0,270.0,130.68,0ba387c649f0f42a31bd4b0967b021ccf4c2220f,exp09_robustness_curve_20260810T091537Z.csv,adversarial_robustness
lstm_ae,analytics,0.83,30,24,1,0,5,0,1.0,1.0,25,92.0,11.0,270.0,130.68,0ba387c649f0f42a31bd4b0967b021ccf4c2220f,exp09_robustness_curve_20260810T091537Z.csv,adversarial_robustness
lstm_ae,analytics,0.85,30,24,1,0,5,0,1.0,1.0,25,92.0,11.0,270.0,130.68,0ba387c649f0f42a31bd4b0967b021ccf4c2220f,exp09_robustness_curve_20260810T091537Z.csv,adversarial_robustness
lstm_ae,analytics,0.87,30,24,1,0,5,0,1.0,1.0,25,92.0,11.0,270.0,130.68,0ba387c649f0f42a31bd4b0967b021ccf4c2220f,exp09_robustness_curve_20260810T091537Z.csv,adversarial_robustness
lstm_ae,analytics,0.89,30,24,1,0,5,0,1.0,1.0,25,92.0,11.0,270.0,130.68,0ba387c649f0f42a31bd4b0967b021ccf4c2220f,exp09_robustness_curve_20260810T091537Z.csv,adversarial_robustness
lstm_ae,analytics,0.91,30,24,1,0,5,0,1.0,1.0,25,92.0,11.0,270.0,130.68,0ba387c649f0f42a31bd4b0967b021ccf4c2220f,exp09_robustness_curve_20260810T091537Z.csv,adversarial_robustness
lstm_ae,analytics,0.93,30,24,1,0,5,0,1.0,1.0,25,92.0,11.0,270.0,130.68,0ba387c649f0f42a31bd4b0967b021ccf4c2220f,exp09_robustness_curve_20260810T091537Z.csv,adversarial_robustness
lstm_ae,analytics,0.95,30,24,1,0,5,0,1.0,1.0,25,92.0,11.0,270.0,130.68,0ba387c649f0f42a31bd4b0967b021ccf4c2220f,exp09_robustness_curve_20260810T091537Z.csv,adversarial_robustness
lstm_ae,analytics,0.97,30,24,1,0,5,0,1.0,1.0,25,92.0,11.0,270.0,130.68,0ba387c649f0f42a31bd4b0967b021ccf4c2220f,exp09_robustness_curve_20260810T091537Z.csv,adversarial_robustness
lstm_ae,analytics,0.99,30,24,1,0,5,0,1.0,1.0,25,92.0,11.0,270.0,130.68,0ba387c649f0f42a31bd4b0967b021ccf4c2220f,exp09_robustness_curve_20260810T091537Z.csv,adversarial_robustness
lstm_ae,full_dbn,0.05,30,30,0,0,0,0,1.0,,30,14.0,6.0,71.0,31.666666666666668,0ba387c649f0f42a31bd4b0967b021ccf4c2220f,exp09_robustness_curve_20260810T091537Z.csv,adversarial_robustness
lstm_ae,full_dbn,0.07,30,30,0,0,0,0,1.0,,30,14.0,6.0,71.0,31.666666666666668,0ba387c649f0f42a31bd4b0967b021ccf4c2220f,exp09_robustness_curve_20260810T091537Z.csv,adversarial_robustness
lstm_ae,full_dbn,0.09,30,30,0,0,0,0,1.0,,30,14.0,6.0,71.0,31.666666666666668,0ba387c649f0f42a31bd4b0967b021ccf4c2220f,exp09_robustness_curve_20260810T091537Z.csv,adversarial_robustness
lstm_ae,full_dbn,0.11,30,30,0,0,0,0,1.0,,30,14.0,6.0,71.0,31.666666666666668,0ba387c649f0f42a31bd4b0967b021ccf4c2220f,exp09_robustness_curve_20260810T091537Z.csv,adversarial_robustness
lstm_ae,full_dbn,0.13,30,30,0,0,0,0,1.0,,30,14.0,6.0,71.0,31.666666666666668,0ba387c649f0f42a31bd4b0967b021ccf4c2220f,exp09_robustness_curve_20260810T091537Z.csv,adversarial_robustness
lstm_ae,full_dbn,0.15,30,30,0,0,0,0,1.0,,30,14.0,6.0,71.0,31.666666666666668,0ba387c649f0f42a31bd4b0967b021ccf4c2220f,exp09_robustness_curve_20260810T091537Z.csv,adversarial_robustness
lstm_ae,full_dbn,0.17,30,30,0,0,0,0,1.0,,30,14.0,6.0,71.0,31.666666666666668,0ba387c649f0f42a31bd4b0967b021ccf4c2220f,exp09_robustness_curve_20260810T091537Z.csv,adversarial_robustness
lstm_ae,full_dbn,0.19,30,30,0,0,0,0,1.0,,30,14.0,6.0,71.0,31.666666666666668,0ba387c649f0f42a31bd4b0967b021ccf4c2220f,exp09_robustness_curve_20260810T091537Z.csv,adversarial_robustness
lstm_ae,full_dbn,0.21,30,30,0,0,0,0,1.0,,30,14.0,6.0,71.0,31.666666666666668,0ba387c649f0f42a31bd4b0967b021ccf4c2220f,exp09_robustness_curve_20260810T091537Z.csv,adversarial_robustness
lstm_ae,full_dbn,0.23,30,30,0,0,0,0,1.0,,30,14.0,6.0,71.0,31.666666666666668,0ba387c649f0f42a31bd4b0967b021ccf4c2220f,exp09_robustness_curve_20260810T091537Z.csv,adversarial_robustness
lstm_ae,full_dbn,0.25,30,30,0,0,0,0,1.0,,30,14.0,6.0,71.0,31.666666666666668,0ba387c649f0f42a31bd4b0967b021ccf4c2220f,exp09_robustness_curve_20260810T091537Z.csv,adversarial_robustness
lstm_ae,full_dbn,0.27,30,30,0,0,0,0,1.0,,30,14.0,6.0,71.0,31.666666666666668,0ba387c649f0f42a31bd4b0967b021ccf4c2220f,exp09_robustness_curve_20260810T091537Z.csv,adversarial_robustness
lstm_ae,full_dbn,0.29,30,30,0,0,0,0,1.0,,30,14.0,6.0,71.0,31.666666666666668,0ba387c649f0f42a31bd4b0967b021ccf4c2220f,exp09_robustness_curve_20260810T091537Z.csv,adversarial_robustness
lstm_ae,full_dbn,0.31,30,30,0,0,0,0,1.0,,30,14.0,6.0,71.0,31.666666666666668,0ba387c649f0f42a31bd4b0967b021ccf4c2220f,exp09_robustness_curve_20260810T091537Z.csv,adversarial_robustness
lstm_ae,full_dbn,0.33,30,30,0,0,0,0,1.0,,30,14.0,6.0,71.0,31.666666666666668,0ba387c649f0f42a31bd4b0967b021ccf4c2220f,exp09_robustness_curve_20260810T091537Z.csv,adversarial_robustness
lstm_ae,full_dbn,0.35,30,30,0,0,0,0,1.0,,30,14.0,6.0,71.0,31.666666666666668,0ba387c649f0f42a31bd4b0967b021ccf4c2220f,exp09_robustness_curve_20260810T091537Z.csv,adversarial_robustness
lstm_ae,full_dbn,0.37,30,30,0,0,0,0,1.0,,30,14.0,6.0,71.0,31.666666666666668,0ba387c649f0f42a31bd4b0967b021ccf4c2220f,exp09_robustness_curve_20260810T091537Z.csv,adversarial_robustness
lstm_ae,full_dbn,0.39,30,30,0,0,0,0,1.0,,30,14.0,6.0,71.0,31.666666666666668,0ba387c649f0f42a31bd4b0967b021ccf4c2220f,exp09_robustness_curve_20260810T091537Z.csv,adversarial_robustness
lstm_ae,full_dbn,0.41,30,30,0,0,0,0,1.0,,30,14.0,6.0,71.0,31.666666666666668,0ba387c649f0f42a31bd4b0967b021ccf4c2220f,exp09_robustness_curve_20260810T091537Z.csv,adversarial_robustness
lstm_ae,full_dbn,0.43,30,30,0,0,0,0,1.0,,30,14.0,6.0,71.0,31.666666666666668,0ba387c649f0f42a31bd4b0967b021ccf4c2220f,exp09_robustness_curve_20260810T091537Z.csv,adversarial_robustness
lstm_ae,full_dbn,0.45,30,30,0,0,0,0,1.0,,30,14.0,6.0,71.0,31.666666666666668,0ba387c649f0f42a31bd4b0967b021ccf4c2220f,exp09_robustness_curve_20260810T091537Z.csv,adversarial_robustness
lstm_ae,full_dbn,0.47,30,30,0,0,0,0,1.0,,30,14.0,6.0,71.0,31.666666666666668,0ba387c649f0f42a31bd4b0967b021ccf4c2220f,exp09_robustness_curve_20260810T091537Z.csv,adversarial_robustness
lstm_ae,full_dbn,0.49,30,30,0,0,0,0,1.0,,30,14.0,6.0,71.0,31.666666666666668,0ba387c649f0f42a31bd4b0967b021ccf4c2220f,exp09_robustness_curve_20260810T091537Z.csv,adversarial_robustness
lstm_ae,full_dbn,0.51,30,27,3,0,0,0,1.0,,30,8.0,0.0,65.0,25.866666666666667,0ba387c649f0f42a31bd4b0967b021ccf4c2220f,exp09_robustness_curve_20260810T091537Z.csv,adversarial_robustness
lstm_ae,full_dbn,0.53,30,27,3,0,0,0,1.0,,30,8.0,0.0,65.0,25.866666666666667,0ba387c649f0f42a31bd4b0967b021ccf4c2220f,exp09_robustness_curve_20260810T091537Z.csv,adversarial_robustness
lstm_ae,full_dbn,0.55,30,27,3,0,0,0,1.0,,30,8.0,0.0,65.0,25.866666666666667,0ba387c649f0f42a31bd4b0967b021ccf4c2220f,exp09_robustness_curve_20260810T091537Z.csv,adversarial_robustness
lstm_ae,full_dbn,0.57,30,27,3,0,0,0,1.0,,30,8.0,0.0,65.0,25.866666666666667,0ba387c649f0f42a31bd4b0967b021ccf4c2220f,exp09_robustness_curve_20260810T091537Z.csv,adversarial_robustness
lstm_ae,full_dbn,0.59,30,27,3,0,0,0,1.0,,30,8.0,0.0,65.0,25.866666666666667,0ba387c649f0f42a31bd4b0967b021ccf4c2220f,exp09_robustness_curve_20260810T091537Z.csv,adversarial_robustness
lstm_ae,full_dbn,0.61,30,27,3,0,0,0,1.0,,30,8.0,0.0,65.0,25.866666666666667,0ba387c649f0f42a31bd4b0967b021ccf4c2220f,exp09_robustness_curve_20260810T091537Z.csv,adversarial_robustness
lstm_ae,full_dbn,0.63,30,27,3,0,0,0,1.0,,30,8.0,0.0,65.0,25.866666666666667,0ba387c649f0f42a31bd4b0967b021ccf4c2220f,exp09_robustness_curve_20260810T091537Z.csv,adversarial_robustness
lstm_ae,full_dbn,0.65,30,27,3,0,0,0,1.0,,30,8.0,0.0,65.0,25.866666666666667,0ba387c649f0f42a31bd4b0967b021ccf4c2220f,exp09_robustness_curve_20260810T091537Z.csv,adversarial_robustness
lstm_ae,full_dbn,0.67,30,27,3,0,0,0,1.0,,30,8.0,0.0,65.0,25.866666666666667,0ba387c649f0f42a31bd4b0967b021ccf4c2220f,exp09_robustness_curve_20260810T091537Z.csv,adversarial_robustness
lstm_ae,full_dbn,0.69,30,27,3,0,0,0,1.0,,30,8.0,0.0,65.0,25.866666666666667,0ba387c649f0f42a31bd4b0967b021ccf4c2220f,exp09_robustness_curve_20260810T091537Z.csv,adversarial_robustness
lstm_ae,full_dbn,0.71,30,27,3,0,0,0,1.0,,30,8.0,0.0,65.0,25.866666666666667,0ba387c649f0f42a31bd4b0967b021ccf4c2220f,exp09_robustness_curve_20260810T091537Z.csv,adversarial_robustness
lstm_ae,full_dbn,0.73,30,27,3,0,0,0,1.0,,30,8.0,0.0,65.0,25.866666666666667,0ba387c649f0f42a31bd4b0967b021ccf4c2220f,exp09_robustness_curve_20260810T091537Z.csv,adversarial_robustness
lstm_ae,full_dbn,0.75,30,27,3,0,0,0,1.0,,30,8.0,0.0,65.0,25.866666666666667,0ba387c649f0f42a31bd4b0967b021ccf4c2220f,exp09_robustness_curve_20260810T091537Z.csv,adversarial_robustness
lstm_ae,full_dbn,0.77,30,27,3,0,0,0,1.0,,30,8.0,0.0,65.0,25.866666666666667,0ba387c649f0f42a31bd4b0967b021ccf4c2220f,exp09_robustness_curve_20260810T091537Z.csv,adversarial_robustness
lstm_ae,full_dbn,0.79,30,27,3,0,0,0,1.0,,30,8.0,0.0,65.0,25.866666666666667,0ba387c649f0f42a31bd4b0967b021ccf4c2220f,exp09_robustness_curve_20260810T091537Z.csv,adversarial_robustness
lstm_ae,full_dbn,0.81,30,27,3,0,0,0,1.0,,30,8.0,0.0,65.0,25.866666666666667,0ba387c649f0f42a31bd4b0967b021ccf4c2220f,exp09_robustness_curve_20260810T091537Z.csv,adversarial_robustness
lstm_ae,full_dbn,0.83,30,27,3,0,0,0,1.0,,30,8.0,0.0,65.0,25.866666666666667,0ba387c649f0f42a31bd4b0967b021ccf4c2220f,exp09_robustness_curve_20260810T091537Z.csv,adversarial_robustness
lstm_ae,full_dbn,0.85,30,27,3,0,0,0,1.0,,30,8.0,0.0,65.0,25.866666666666667,0ba387c649f0f42a31bd4b0967b021ccf4c2220f,exp09_robustness_curve_20260810T091537Z.csv,adversarial_robustness
lstm_ae,full_dbn,0.87,30,27,3,0,0,0,1.0,,30,8.0,0.0,65.0,25.866666666666667,0ba387c649f0f42a31bd4b0967b021ccf4c2220f,exp09_robustness_curve_20260810T091537Z.csv,adversarial_robustness
lstm_ae,full_dbn,0.89,30,27,3,0,0,0,1.0,,30,8.0,0.0,65.0,25.866666666666667,0ba387c649f0f42a31bd4b0967b021ccf4c2220f,exp09_robustness_curve_20260810T091537Z.csv,adversarial_robustness
lstm_ae,full_dbn,0.91,30,27,3,0,0,0,1.0,,30,8.0,0.0,65.0,25.866666666666667,0ba387c649f0f42a31bd4b0967b021ccf4c2220f,exp09_robustness_curve_20260810T091537Z.csv,adversarial_robustness
lstm_ae,full_dbn,0.93,30,27,3,0,0,0,1.0,,30,8.0,0.0,65.0,25.866666666666667,0ba387c649f0f42a31bd4b0967b021ccf4c2220f,exp09_robustness_curve_20260810T091537Z.csv,adversarial_robustness
lstm_ae,full_dbn,0.95,30,27,3,0,0,0,1.0,,30,8.0,0.0,65.0,25.866666666666667,0ba387c649f0f42a31bd4b0967b021ccf4c2220f,exp09_robustness_curve_20260810T091537Z.csv,adversarial_robustness
lstm_ae,full_dbn,0.97,30,27,3,0,0,0,1.0,,30,8.0,0.0,65.0,25.866666666666667,0ba387c649f0f42a31bd4b0967b021ccf4c2220f,exp09_robustness_curve_20260810T091537Z.csv,adversarial_robustness
lstm_ae,full_dbn,0.99,30,27,3,0,0,0,1.0,,30,8.0,0.0,65.0,25.866666666666667,0ba387c649f0f42a31bd4b0967b021ccf4c2220f,exp09_robustness_curve_20260810T091537Z.csv,adversarial_robustness
gnn_classifier,blind,0.05,30,30,0,0,0,0,1.0,,30,21.0,7.0,54.0,29.366666666666667,0ba387c649f0f42a31bd4b0967b021ccf4c2220f,exp09_robustness_curve_20260810T091537Z.csv,adversarial_robustness
gnn_classifier,blind,0.07,30,30,0,0,0,0,1.0,,30,21.0,7.0,54.0,29.366666666666667,0ba387c649f0f42a31bd4b0967b021ccf4c2220f,exp09_robustness_curve_20260810T091537Z.csv,adversarial_robustness
gnn_classifier,blind,0.09,30,30,0,0,0,0,1.0,,30,21.0,7.0,54.0,29.366666666666667,0ba387c649f0f42a31bd4b0967b021ccf4c2220f,exp09_robustness_curve_20260810T091537Z.csv,adversarial_robustness
gnn_classifier,blind,0.11,30,30,0,0,0,0,1.0,,30,21.0,7.0,54.0,29.366666666666667,0ba387c649f0f42a31bd4b0967b021ccf4c2220f,exp09_robustness_curve_20260810T091537Z.csv,adversarial_robustness
gnn_classifier,blind,0.13,30,30,0,0,0,0,1.0,,30,21.0,7.0,54.0,29.366666666666667,0ba387c649f0f42a31bd4b0967b021ccf4c2220f,exp09_robustness_curve_20260810T091537Z.csv,adversarial_robustness
gnn_classifier,blind,0.15,30,30,0,0,0,0,1.0,,30,21.0,7.0,54.0,29.366666666666667,0ba387c649f0f42a31bd4b0967b021ccf4c2220f,exp09_robustness_curve_20260810T091537Z.csv,adversarial_robustness
gnn_classifier,blind,0.17,30,30,0,0,0,0,1.0,,30,21.0,7.0,54.0,29.366666666666667,0ba387c649f0f42a31bd4b0967b021ccf4c2220f,exp09_robustness_curve_20260810T091537Z.csv,adversarial_robustness
gnn_classifier,blind,0.19,30,30,0,0,0,0,1.0,,30,21.0,7.0,54.0,29.366666666666667,0ba387c649f0f42a31bd4b0967b021ccf4c2220f,exp09_robustness_curve_20260810T091537Z.csv,adversarial_robustness
gnn_classifier,blind,0.21,30,30,0,0,0,0,1.0,,30,21.0,7.0,54.0,29.366666666666667,0ba387c649f0f42a31bd4b0967b021ccf4c2220f,exp09_robustness_curve_20260810T091537Z.csv,adversarial_robustness
gnn_classifier,blind,0.23,30,30,0,0,0,0,1.0,,30,21.0,7.0,54.0,29.366666666666667,0ba387c649f0f42a31bd4b0967b021ccf4c2220f,exp09_robustness_curve_20260810T091537Z.csv,adversarial_robustness
gnn_classifier,blind,0.25,30,30,0,0,0,0,1.0,,30,21.0,7.0,54.0,29.366666666666667,0ba387c649f0f42a31bd4b0967b021ccf4c2220f,exp09_robustness_curve_20260810T091537Z.csv,adversarial_robustness
gnn_classifier,blind,0.27,30,30,0,0,0,0,1.0,,30,21.0,7.0,54.0,29.366666666666667,0ba387c649f0f42a31bd4b0967b021ccf4c2220f,exp09_robustness_curve_20260810T091537Z.csv,adversarial_robustness
gnn_classifier,blind,0.29,30,30,0,0,0,0,1.0,,30,21.0,7.0,54.0,29.366666666666667,0ba387c649f0f42a31bd4b0967b021ccf4c2220f,exp09_robustness_curve_20260810T091537Z.csv,adversarial_robustness
gnn_classifier,blind,0.31,30,30,0,0,0,0,1.0,,30,21.0,7.0,54.0,29.366666666666667,0ba387c649f0f42a31bd4b0967b021ccf4c2220f,exp09_robustness_curve_20260810T091537Z.csv,adversarial_robustness
gnn_classifier,blind,0.33,30,30,0,0,0,0,1.0,,30,21.0,7.0,54.0,29.366666666666667,0ba387c649f0f42a31bd4b0967b021ccf4c2220f,exp09_robustness_curve_20260810T091537Z.csv,adversarial_robustness
gnn_classifier,blind,0.35,30,30,0,0,0,0,1.0,,30,21.0,7.0,54.0,29.366666666666667,0ba387c649f0f42a31bd4b0967b021ccf4c2220f,exp09_robustness_curve_20260810T091537Z.csv,adversarial_robustness
gnn_classifier,blind,0.37,30,30,0,0,0,0,1.0,,30,21.0,7.0,54.0,29.366666666666667,0ba387c649f0f42a31bd4b0967b021ccf4c2220f,exp09_robustness_curve_20260810T091537Z.csv,adversarial_robustness
gnn_classifier,blind,0.39,30,0,30,0,0,0,1.0,,30,-2.0,-3.0,-2.0,-2.1,0ba387c649f0f42a31bd4b0967b021ccf4c2220f,exp09_robustness_curve_20260810T091537Z.csv,adversarial_robustness
gnn_classifier,blind,0.41,30,0,30,0,0,0,1.0,,30,-2.0,-3.0,-2.0,-2.1333333333333333,0ba387c649f0f42a31bd4b0967b021ccf4c2220f,exp09_robustness_curve_20260810T091537Z.csv,adversarial_robustness
gnn_classifier,blind,0.43,30,0,30,0,0,0,1.0,,30,-2.0,-3.0,-2.0,-2.1666666666666665,0ba387c649f0f42a31bd4b0967b021ccf4c2220f,exp09_robustness_curve_20260810T091537Z.csv,adversarial_robustness
gnn_classifier,blind,0.45,30,0,30,0,0,0,1.0,,30,-2.0,-4.0,-2.0,-2.2666666666666666,0ba387c649f0f42a31bd4b0967b021ccf4c2220f,exp09_robustness_curve_20260810T091537Z.csv,adversarial_robustness
gnn_classifier,blind,0.47,30,0,30,0,0,0,1.0,,30,-2.0,-4.0,-2.0,-2.2666666666666666,0ba387c649f0f42a31bd4b0967b021ccf4c2220f,exp09_robustness_curve_20260810T091537Z.csv,adversarial_robustness
gnn_classifier,blind,0.49,30,0,30,0,0,0,1.0,,30,-2.0,-4.0,-2.0,-2.3,0ba387c649f0f42a31bd4b0967b021ccf4c2220f,exp09_robustness_curve_20260810T091537Z.csv,adversarial_robustness
gnn_classifier,blind,0.51,30,0,30,0,0,0,1.0,,30,-2.0,-4.0,-2.0,-2.4,0ba387c649f0f42a31bd4b0967b021ccf4c2220f,exp09_robustness_curve_20260810T091537Z.csv,adversarial_robustness
gnn_classifier,blind,0.53,30,0,30,0,0,0,1.0,,30,-2.0,-4.0,-2.0,-2.433333333333333,0ba387c649f0f42a31bd4b0967b021ccf4c2220f,exp09_robustness_curve_20260810T091537Z.csv,adversarial_robustness
gnn_classifier,blind,0.55,30,0,30,0,0,0,1.0,,30,-2.0,-4.0,-2.0,-2.5,0ba387c649f0f42a31bd4b0967b021ccf4c2220f,exp09_robustness_curve_20260810T091537Z.csv,adversarial_robustness
gnn_classifier,blind,0.57,30,0,30,0,0,0,1.0,,30,-3.0,-4.0,-2.0,-2.6666666666666665,0ba387c649f0f42a31bd4b0967b021ccf4c2220f,exp09_robustness_curve_20260810T091537Z.csv,adversarial_robustness
gnn_classifier,blind,0.59,30,0,30,0,0,0,1.0,,30,-3.0,-4.0,-2.0,-2.6666666666666665,0ba387c649f0f42a31bd4b0967b021ccf4c2220f,exp09_robustness_curve_20260810T091537Z.csv,adversarial_robustness
gnn_classifier,blind,0.61,30,0,30,0,0,0,1.0,,30,-3.0,-4.0,-2.0,-2.6666666666666665,0ba387c649f0f42a31bd4b0967b021ccf4c2220f,exp09_robustness_curve_20260810T091537Z.csv,adversarial_robustness
gnn_classifier,blind,0.63,30,0,30,0,0,0,1.0,,30,-3.0,-4.0,-2.0,-2.7,0ba387c649f0f42a31bd4b0967b021ccf4c2220f,exp09_robustness_curve_20260810T091537Z.csv,adversarial_robustness
gnn_classifier,blind,0.65,30,0,30,0,0,0,1.0,,30,-3.0,-4.0,-2.0,-2.7,0ba387c649f0f42a31bd4b0967b021ccf4c2220f,exp09_robustness_curve_20260810T091537Z.csv,adversarial_robustness
gnn_classifier,blind,0.67,30,0,30,0,0,0,1.0,,30,-3.0,-4.0,-2.0,-2.7,0ba387c649f0f42a31bd4b0967b021ccf4c2220f,exp09_robustness_curve_20260810T091537Z.csv,adversarial_robustness
gnn_classifier,blind,0.69,30,0,30,0,0,0,1.0,,30,-3.0,-4.0,-2.0,-2.7,0ba387c649f0f42a31bd4b0967b021ccf4c2220f,exp09_robustness_curve_20260810T091537Z.csv,adversarial_robustness
gnn_classifier,blind,0.71,30,0,30,0,0,0,1.0,,30,-3.0,-4.0,-2.0,-2.7,0ba387c649f0f42a31bd4b0967b021ccf4c2220f,exp09_robustness_curve_20260810T091537Z.csv,adversarial_robustness
gnn_classifier,blind,0.73,30,0,30,0,0,0,1.0,,30,-3.0,-4.0,-2.0,-2.7,0ba387c649f0f42a31bd4b0967b021ccf4c2220f,exp09_robustness_curve_20260810T091537Z.csv,adversarial_robustness
gnn_classifier,blind,0.75,30,0,30,0,0,0,1.0,,30,-3.0,-4.0,-2.0,-2.7333333333333334,0ba387c649f0f42a31bd4b0967b021ccf4c2220f,exp09_robustness_curve_20260810T091537Z.csv,adversarial_robustness
gnn_classifier,blind,0.77,30,0,30,0,0,0,1.0,,30,-3.0,-5.0,-2.0,-2.9,0ba387c649f0f42a31bd4b0967b021ccf4c2220f,exp09_robustness_curve_20260810T091537Z.csv,adversarial_robustness
gnn_classifier,blind,0.79,30,0,30,0,0,0,1.0,,30,-3.0,-5.0,-2.0,-3.1666666666666665,0ba387c649f0f42a31bd4b0967b021ccf4c2220f,exp09_robustness_curve_20260810T091537Z.csv,adversarial_robustness
gnn_classifier,blind,0.81,30,0,30,0,0,0,1.0,,30,-3.0,-5.0,-3.0,-3.2333333333333334,0ba387c649f0f42a31bd4b0967b021ccf4c2220f,exp09_robustness_curve_20260810T091537Z.csv,adversarial_robustness
gnn_classifier,blind,0.83,30,0,30,0,0,0,1.0,,30,-3.0,-5.0,-3.0,-3.2333333333333334,0ba387c649f0f42a31bd4b0967b021ccf4c2220f,exp09_robustness_curve_20260810T091537Z.csv,adversarial_robustness
gnn_classifier,blind,0.85,30,0,30,0,0,0,1.0,,30,-3.0,-5.0,-3.0,-3.2333333333333334,0ba387c649f0f42a31bd4b0967b021ccf4c2220f,exp09_robustness_curve_20260810T091537Z.csv,adversarial_robustness
gnn_classifier,blind,0.87,30,0,30,0,0,0,1.0,,30,-3.0,-5.0,-3.0,-3.3,0ba387c649f0f42a31bd4b0967b021ccf4c2220f,exp09_robustness_curve_20260810T091537Z.csv,adversarial_robustness
gnn_classifier,blind,0.89,30,0,30,0,0,0,1.0,,30,-3.0,-5.0,-3.0,-3.3333333333333335,0ba387c649f0f42a31bd4b0967b021ccf4c2220f,exp09_robustness_curve_20260810T091537Z.csv,adversarial_robustness
gnn_classifier,blind,0.91,30,0,30,0,0,0,1.0,,30,-3.0,-5.0,-3.0,-3.6333333333333337,0ba387c649f0f42a31bd4b0967b021ccf4c2220f,exp09_robustness_curve_20260810T091537Z.csv,adversarial_robustness
gnn_classifier,blind,0.93,30,0,30,0,0,0,1.0,,30,-4.0,-5.0,-3.0,-3.7666666666666666,0ba387c649f0f42a31bd4b0967b021ccf4c2220f,exp09_robustness_curve_20260810T091537Z.csv,adversarial_robustness
gnn_classifier,blind,0.95,30,0,30,0,0,0,1.0,,30,-4.0,-6.0,-3.0,-3.8,0ba387c649f0f42a31bd4b0967b021ccf4c2220f,exp09_robustness_curve_20260810T091537Z.csv,adversarial_robustness
gnn_classifier,blind,0.97,30,0,30,0,0,0,1.0,,30,-4.0,-6.0,-3.0,-3.8666666666666663,0ba387c649f0f42a31bd4b0967b021ccf4c2220f,exp09_robustness_curve_20260810T091537Z.csv,adversarial_robustness
gnn_classifier,blind,0.99,30,0,30,0,0,0,1.0,,30,-5.0,-7.0,-4.0,-4.7,0ba387c649f0f42a31bd4b0967b021ccf4c2220f,exp09_robustness_curve_20260810T091537Z.csv,adversarial_robustness
gnn_classifier,analytics,0.05,30,24,1,0,5,0,1.0,1.0,25,98.0,17.0,276.0,136.44,0ba387c649f0f42a31bd4b0967b021ccf4c2220f,exp09_robustness_curve_20260810T091537Z.csv,adversarial_robustness
gnn_classifier,analytics,0.07,30,24,1,0,5,0,1.0,1.0,25,98.0,17.0,276.0,136.44,0ba387c649f0f42a31bd4b0967b021ccf4c2220f,exp09_robustness_curve_20260810T091537Z.csv,adversarial_robustness
gnn_classifier,analytics,0.09,30,24,1,0,5,0,1.0,1.0,25,98.0,17.0,276.0,136.44,0ba387c649f0f42a31bd4b0967b021ccf4c2220f,exp09_robustness_curve_20260810T091537Z.csv,adversarial_robustness
gnn_classifier,analytics,0.11,30,24,1,0,5,0,1.0,1.0,25,98.0,17.0,276.0,136.44,0ba387c649f0f42a31bd4b0967b021ccf4c2220f,exp09_robustness_curve_20260810T091537Z.csv,adversarial_robustness
gnn_classifier,analytics,0.13,30,24,1,0,5,0,1.0,1.0,25,98.0,17.0,276.0,136.44,0ba387c649f0f42a31bd4b0967b021ccf4c2220f,exp09_robustness_curve_20260810T091537Z.csv,adversarial_robustness
gnn_classifier,analytics,0.15,30,24,1,0,5,0,1.0,1.0,25,98.0,17.0,276.0,136.44,0ba387c649f0f42a31bd4b0967b021ccf4c2220f,exp09_robustness_curve_20260810T091537Z.csv,adversarial_robustness
gnn_classifier,analytics,0.17,30,24,1,0,5,0,1.0,1.0,25,98.0,17.0,276.0,136.44,0ba387c649f0f42a31bd4b0967b021ccf4c2220f,exp09_robustness_curve_20260810T091537Z.csv,adversarial_robustness
gnn_classifier,analytics,0.19,30,24,1,0,5,0,1.0,1.0,25,98.0,17.0,276.0,136.44,0ba387c649f0f42a31bd4b0967b021ccf4c2220f,exp09_robustness_curve_20260810T091537Z.csv,adversarial_robustness
gnn_classifier,analytics,0.21,30,24,1,0,5,0,1.0,1.0,25,98.0,17.0,276.0,136.44,0ba387c649f0f42a31bd4b0967b021ccf4c2220f,exp09_robustness_curve_20260810T091537Z.csv,adversarial_robustness
gnn_classifier,analytics,0.23,30,24,1,0,5,0,1.0,1.0,25,98.0,17.0,276.0,136.44,0ba387c649f0f42a31bd4b0967b021ccf4c2220f,exp09_robustness_curve_20260810T091537Z.csv,adversarial_robustness
gnn_classifier,analytics,0.25,30,24,1,0,5,0,1.0,1.0,25,98.0,17.0,276.0,136.44,0ba387c649f0f42a31bd4b0967b021ccf4c2220f,exp09_robustness_curve_20260810T091537Z.csv,adversarial_robustness
gnn_classifier,analytics,0.27,30,24,1,0,5,0,1.0,1.0,25,98.0,17.0,276.0,136.44,0ba387c649f0f42a31bd4b0967b021ccf4c2220f,exp09_robustness_curve_20260810T091537Z.csv,adversarial_robustness
gnn_classifier,analytics,0.29,30,24,1,0,5,0,1.0,1.0,25,98.0,17.0,276.0,136.44,0ba387c649f0f42a31bd4b0967b021ccf4c2220f,exp09_robustness_curve_20260810T091537Z.csv,adversarial_robustness
gnn_classifier,analytics,0.31,30,24,1,0,5,0,1.0,1.0,25,98.0,17.0,276.0,136.44,0ba387c649f0f42a31bd4b0967b021ccf4c2220f,exp09_robustness_curve_20260810T091537Z.csv,adversarial_robustness
gnn_classifier,analytics,0.33,30,24,1,0,5,0,1.0,1.0,25,98.0,17.0,276.0,136.44,0ba387c649f0f42a31bd4b0967b021ccf4c2220f,exp09_robustness_curve_20260810T091537Z.csv,adversarial_robustness
gnn_classifier,analytics,0.35,30,24,1,0,5,0,1.0,1.0,25,98.0,17.0,276.0,136.44,0ba387c649f0f42a31bd4b0967b021ccf4c2220f,exp09_robustness_curve_20260810T091537Z.csv,adversarial_robustness
gnn_classifier,analytics,0.37,30,24,1,0,5,0,1.0,1.0,25,98.0,17.0,276.0,136.44,0ba387c649f0f42a31bd4b0967b021ccf4c2220f,exp09_robustness_curve_20260810T091537Z.csv,adversarial_robustness
gnn_classifier,analytics,0.39,30,0,25,0,0,5,1.0,0.0,25,-3.0,-3.0,-3.0,-2.88,0ba387c649f0f42a31bd4b0967b021ccf4c2220f,exp09_robustness_curve_20260810T091537Z.csv,adversarial_robustness
gnn_classifier,analytics,0.41,30,0,25,0,0,5,1.0,0.0,25,-3.0,-3.0,-3.0,-2.88,0ba387c649f0f42a31bd4b0967b021ccf4c2220f,exp09_robustness_curve_20260810T091537Z.csv,adversarial_robustness
gnn_classifier,analytics,0.43,30,0,25,0,0,5,1.0,0.0,25,-3.0,-3.0,-3.0,-2.88,0ba387c649f0f42a31bd4b0967b021ccf4c2220f,exp09_robustness_curve_20260810T091537Z.csv,adversarial_robustness
gnn_classifier,analytics,0.45,30,0,25,0,0,5,1.0,0.0,25,-3.0,-3.0,-3.0,-2.92,0ba387c649f0f42a31bd4b0967b021ccf4c2220f,exp09_robustness_curve_20260810T091537Z.csv,adversarial_robustness
gnn_classifier,analytics,0.47,30,0,25,0,0,5,1.0,0.0,25,-3.0,-4.0,-3.0,-3.0,0ba387c649f0f42a31bd4b0967b021ccf4c2220f,exp09_robustness_curve_20260810T091537Z.csv,adversarial_robustness
gnn_classifier,analytics,0.49,30,0,25,0,0,5,1.0,0.0,25,-3.0,-4.0,-3.0,-3.16,0ba387c649f0f42a31bd4b0967b021ccf4c2220f,exp09_robustness_curve_20260810T091537Z.csv,adversarial_robustness
gnn_classifier,analytics,0.51,30,0,25,0,0,5,1.0,0.0,25,-3.0,-4.0,-3.0,-3.36,0ba387c649f0f42a31bd4b0967b021ccf4c2220f,exp09_robustness_curve_20260810T091537Z.csv,adversarial_robustness
gnn_classifier,analytics,0.53,30,0,25,0,0,5,1.0,0.0,25,-4.0,-4.0,-3.0,-3.52,0ba387c649f0f42a31bd4b0967b021ccf4c2220f,exp09_robustness_curve_20260810T091537Z.csv,adversarial_robustness
gnn_classifier,analytics,0.55,30,0,25,0,0,5,1.0,0.0,25,-4.0,-4.0,-3.0,-3.68,0ba387c649f0f42a31bd4b0967b021ccf4c2220f,exp09_robustness_curve_20260810T091537Z.csv,adversarial_robustness
gnn_classifier,analytics,0.57,30,0,25,0,0,5,1.0,0.0,25,-4.0,-4.0,-4.0,-3.8,0ba387c649f0f42a31bd4b0967b021ccf4c2220f,exp09_robustness_curve_20260810T091537Z.csv,adversarial_robustness
gnn_classifier,analytics,0.59,30,0,25,0,0,5,1.0,0.0,25,-4.0,-4.0,-4.0,-3.84,0ba387c649f0f42a31bd4b0967b021ccf4c2220f,exp09_robustness_curve_20260810T091537Z.csv,adversarial_robustness
gnn_classifier,analytics,0.61,30,0,25,0,0,5,1.0,0.0,25,-4.0,-4.0,-4.0,-3.88,0ba387c649f0f42a31bd4b0967b021ccf4c2220f,exp09_robustness_curve_20260810T091537Z.csv,adversarial_robustness
gnn_classifier,analytics,0.63,30,0,25,0,0,5,1.0,0.0,25,-4.0,-4.0,-4.0,-3.88,0ba387c649f0f42a31bd4b0967b021ccf4c2220f,exp09_robustness_curve_20260810T091537Z.csv,adversarial_robustness
gnn_classifier,analytics,0.65,30,0,25,0,0,5,1.0,0.0,25,-4.0,-4.0,-4.0,-3.88,0ba387c649f0f42a31bd4b0967b021ccf4c2220f,exp09_robustness_curve_20260810T091537Z.csv,adversarial_robustness
gnn_classifier,analytics,0.67,30,0,25,0,0,5,1.0,0.0,25,-4.0,-4.0,-4.0,-3.92,0ba387c649f0f42a31bd4b0967b021ccf4c2220f,exp09_robustness_curve_20260810T091537Z.csv,adversarial_robustness
gnn_classifier,analytics,0.69,30,0,25,0,0,5,1.0,0.0,25,-4.0,-4.0,-4.0,-3.92,0ba387c649f0f42a31bd4b0967b021ccf4c2220f,exp09_robustness_curve_20260810T091537Z.csv,adversarial_robustness
gnn_classifier,analytics,0.71,30,0,25,0,0,5,1.0,0.0,25,-4.0,-4.0,-4.0,-3.92,0ba387c649f0f42a31bd4b0967b021ccf4c2220f,exp09_robustness_curve_20260810T091537Z.csv,adversarial_robustness
gnn_classifier,analytics,0.73,30,0,25,0,0,5,1.0,0.0,25,-4.0,-4.0,-4.0,-3.96,0ba387c649f0f42a31bd4b0967b021ccf4c2220f,exp09_robustness_curve_20260810T091537Z.csv,adversarial_robustness
gnn_classifier,analytics,0.75,30,0,25,0,0,5,1.0,0.0,25,-4.0,-4.0,-4.0,-3.96,0ba387c649f0f42a31bd4b0967b021ccf4c2220f,exp09_robustness_curve_20260810T091537Z.csv,adversarial_robustness
gnn_classifier,analytics,0.77,30,0,25,0,0,5,1.0,0.0,25,-4.0,-4.0,-4.0,-4.04,0ba387c649f0f42a31bd4b0967b021ccf4c2220f,exp09_robustness_curve_20260810T091537Z.csv,adversarial_robustness
gnn_classifier,analytics,0.79,30,0,25,0,0,5,1.0,0.0,25,-4.0,-5.0,-4.0,-4.44,0ba387c649f0f42a31bd4b0967b021ccf4c2220f,exp09_robustness_curve_20260810T091537Z.csv,adversarial_robustness
gnn_classifier,analytics,0.81,30,0,25,0,0,5,1.0,0.0,25,-5.0,-5.0,-5.0,-4.88,0ba387c649f0f42a31bd4b0967b021ccf4c2220f,exp09_robustness_curve_20260810T091537Z.csv,adversarial_robustness
gnn_classifier,analytics,0.83,30,0,25,0,0,5,1.0,0.0,25,-5.0,-5.0,-5.0,-4.88,0ba387c649f0f42a31bd4b0967b021ccf4c2220f,exp09_robustness_curve_20260810T091537Z.csv,adversarial_robustness
gnn_classifier,analytics,0.85,30,0,25,0,0,5,1.0,0.0,25,-5.0,-5.0,-5.0,-4.92,0ba387c649f0f42a31bd4b0967b021ccf4c2220f,exp09_robustness_curve_20260810T091537Z.csv,adversarial_robustness
gnn_classifier,analytics,0.87,30,0,25,0,0,5,1.0,0.0,25,-5.0,-5.0,-5.0,-4.96,0ba387c649f0f42a31bd4b0967b021ccf4c2220f,exp09_robustness_curve_20260810T091537Z.csv,adversarial_robustness
gnn_classifier,analytics,0.89,30,0,25,0,0,5,1.0,0.0,25,-5.0,-5.0,-5.0,-4.96,0ba387c649f0f42a31bd4b0967b021ccf4c2220f,exp09_robustness_curve_20260810T091537Z.csv,adversarial_robustness
gnn_classifier,analytics,0.91,30,0,25,0,0,5,1.0,0.0,25,-5.0,-6.0,-5.0,-5.2,0ba387c649f0f42a31bd4b0967b021ccf4c2220f,exp09_robustness_curve_20260810T091537Z.csv,adversarial_robustness
gnn_classifier,analytics,0.93,30,0,25,0,0,5,1.0,0.0,25,-6.0,-6.0,-6.0,-5.92,0ba387c649f0f42a31bd4b0967b021ccf4c2220f,exp09_robustness_curve_20260810T091537Z.csv,adversarial_robustness
gnn_classifier,analytics,0.95,30,0,25,0,0,5,1.0,0.0,25,-6.0,-6.0,-6.0,-5.96,0ba387c649f0f42a31bd4b0967b021ccf4c2220f,exp09_robustness_curve_20260810T091537Z.csv,adversarial_robustness
gnn_classifier,analytics,0.97,30,0,25,0,0,5,1.0,0.0,25,-6.0,-6.0,-6.0,-6.0,0ba387c649f0f42a31bd4b0967b021ccf4c2220f,exp09_robustness_curve_20260810T091537Z.csv,adversarial_robustness
gnn_classifier,analytics,0.99,30,0,25,0,0,5,1.0,0.0,25,-7.0,-7.0,-7.0,-7.0,0ba387c649f0f42a31bd4b0967b021ccf4c2220f,exp09_robustness_curve_20260810T091537Z.csv,adversarial_robustness
gnn_classifier,full_dbn,0.05,30,30,0,0,0,0,1.0,,30,14.0,6.0,71.0,31.666666666666668,0ba387c649f0f42a31bd4b0967b021ccf4c2220f,exp09_robustness_curve_20260810T091537Z.csv,adversarial_robustness
gnn_classifier,full_dbn,0.07,30,30,0,0,0,0,1.0,,30,14.0,6.0,71.0,31.666666666666668,0ba387c649f0f42a31bd4b0967b021ccf4c2220f,exp09_robustness_curve_20260810T091537Z.csv,adversarial_robustness
gnn_classifier,full_dbn,0.09,30,30,0,0,0,0,1.0,,30,14.0,6.0,71.0,31.666666666666668,0ba387c649f0f42a31bd4b0967b021ccf4c2220f,exp09_robustness_curve_20260810T091537Z.csv,adversarial_robustness
gnn_classifier,full_dbn,0.11,30,30,0,0,0,0,1.0,,30,14.0,6.0,71.0,31.666666666666668,0ba387c649f0f42a31bd4b0967b021ccf4c2220f,exp09_robustness_curve_20260810T091537Z.csv,adversarial_robustness
gnn_classifier,full_dbn,0.13,30,30,0,0,0,0,1.0,,30,14.0,6.0,71.0,31.666666666666668,0ba387c649f0f42a31bd4b0967b021ccf4c2220f,exp09_robustness_curve_20260810T091537Z.csv,adversarial_robustness
gnn_classifier,full_dbn,0.15,30,30,0,0,0,0,1.0,,30,14.0,6.0,71.0,31.666666666666668,0ba387c649f0f42a31bd4b0967b021ccf4c2220f,exp09_robustness_curve_20260810T091537Z.csv,adversarial_robustness
gnn_classifier,full_dbn,0.17,30,30,0,0,0,0,1.0,,30,14.0,6.0,71.0,31.666666666666668,0ba387c649f0f42a31bd4b0967b021ccf4c2220f,exp09_robustness_curve_20260810T091537Z.csv,adversarial_robustness
gnn_classifier,full_dbn,0.19,30,30,0,0,0,0,1.0,,30,14.0,6.0,71.0,31.666666666666668,0ba387c649f0f42a31bd4b0967b021ccf4c2220f,exp09_robustness_curve_20260810T091537Z.csv,adversarial_robustness
gnn_classifier,full_dbn,0.21,30,30,0,0,0,0,1.0,,30,14.0,6.0,71.0,31.666666666666668,0ba387c649f0f42a31bd4b0967b021ccf4c2220f,exp09_robustness_curve_20260810T091537Z.csv,adversarial_robustness
gnn_classifier,full_dbn,0.23,30,30,0,0,0,0,1.0,,30,14.0,6.0,71.0,31.666666666666668,0ba387c649f0f42a31bd4b0967b021ccf4c2220f,exp09_robustness_curve_20260810T091537Z.csv,adversarial_robustness
gnn_classifier,full_dbn,0.25,30,30,0,0,0,0,1.0,,30,14.0,6.0,71.0,31.666666666666668,0ba387c649f0f42a31bd4b0967b021ccf4c2220f,exp09_robustness_curve_20260810T091537Z.csv,adversarial_robustness
gnn_classifier,full_dbn,0.27,30,30,0,0,0,0,1.0,,30,14.0,6.0,71.0,31.666666666666668,0ba387c649f0f42a31bd4b0967b021ccf4c2220f,exp09_robustness_curve_20260810T091537Z.csv,adversarial_robustness
gnn_classifier,full_dbn,0.29,30,30,0,0,0,0,1.0,,30,14.0,6.0,71.0,31.666666666666668,0ba387c649f0f42a31bd4b0967b021ccf4c2220f,exp09_robustness_curve_20260810T091537Z.csv,adversarial_robustness
gnn_classifier,full_dbn,0.31,30,30,0,0,0,0,1.0,,30,14.0,6.0,71.0,31.666666666666668,0ba387c649f0f42a31bd4b0967b021ccf4c2220f,exp09_robustness_curve_20260810T091537Z.csv,adversarial_robustness
gnn_classifier,full_dbn,0.33,30,30,0,0,0,0,1.0,,30,14.0,6.0,71.0,31.666666666666668,0ba387c649f0f42a31bd4b0967b021ccf4c2220f,exp09_robustness_curve_20260810T091537Z.csv,adversarial_robustness
gnn_classifier,full_dbn,0.35,30,30,0,0,0,0,1.0,,30,14.0,6.0,71.0,31.666666666666668,0ba387c649f0f42a31bd4b0967b021ccf4c2220f,exp09_robustness_curve_20260810T091537Z.csv,adversarial_robustness
gnn_classifier,full_dbn,0.37,30,30,0,0,0,0,1.0,,30,14.0,6.0,71.0,31.666666666666668,0ba387c649f0f42a31bd4b0967b021ccf4c2220f,exp09_robustness_curve_20260810T091537Z.csv,adversarial_robustness
gnn_classifier,full_dbn,0.39,30,0,30,0,0,0,1.0,,30,-2.0,-3.0,-2.0,-2.1666666666666665,0ba387c649f0f42a31bd4b0967b021ccf4c2220f,exp09_robustness_curve_20260810T091537Z.csv,adversarial_robustness
gnn_classifier,full_dbn,0.41,30,0,30,0,0,0,1.0,,30,-2.0,-3.0,-2.0,-2.1666666666666665,0ba387c649f0f42a31bd4b0967b021ccf4c2220f,exp09_robustness_curve_20260810T091537Z.csv,adversarial_robustness
gnn_classifier,full_dbn,0.43,30,0,30,0,0,0,1.0,,30,-2.0,-3.0,-2.0,-2.1666666666666665,0ba387c649f0f42a31bd4b0967b021ccf4c2220f,exp09_robustness_curve_20260810T091537Z.csv,adversarial_robustness
gnn_classifier,full_dbn,0.45,30,0,30,0,0,0,1.0,,30,-2.0,-3.0,-2.0,-2.1666666666666665,0ba387c649f0f42a31bd4b0967b021ccf4c2220f,exp09_robustness_curve_20260810T091537Z.csv,adversarial_robustness
gnn_classifier,full_dbn,0.47,30,0,30,0,0,0,1.0,,30,-2.0,-3.0,-2.0,-2.1666666666666665,0ba387c649f0f42a31bd4b0967b021ccf4c2220f,exp09_robustness_curve_20260810T091537Z.csv,adversarial_robustness
gnn_classifier,full_dbn,0.49,30,0,30,0,0,0,1.0,,30,-2.0,-3.0,-2.0,-2.2666666666666666,0ba387c649f0f42a31bd4b0967b021ccf4c2220f,exp09_robustness_curve_20260810T091537Z.csv,adversarial_robustness
gnn_classifier,full_dbn,0.51,30,0,30,0,0,0,1.0,,30,-2.0,-4.0,-2.0,-2.3333333333333335,0ba387c649f0f42a31bd4b0967b021ccf4c2220f,exp09_robustness_curve_20260810T091537Z.csv,adversarial_robustness
gnn_classifier,full_dbn,0.53,30,0,30,0,0,0,1.0,,30,-2.0,-4.0,-2.0,-2.3666666666666667,0ba387c649f0f42a31bd4b0967b021ccf4c2220f,exp09_robustness_curve_20260810T091537Z.csv,adversarial_robustness
gnn_classifier,full_dbn,0.55,30,0,30,0,0,0,1.0,,30,-2.0,-4.0,-2.0,-2.6333333333333333,0ba387c649f0f42a31bd4b0967b021ccf4c2220f,exp09_robustness_curve_20260810T091537Z.csv,adversarial_robustness
gnn_classifier,full_dbn,0.57,30,0,30,0,0,0,1.0,,30,-3.0,-4.0,-2.0,-2.7333333333333334,0ba387c649f0f42a31bd4b0967b021ccf4c2220f,exp09_robustness_curve_20260810T091537Z.csv,adversarial_robustness
gnn_classifier,full_dbn,0.59,30,0,30,0,0,0,1.0,,30,-3.0,-4.0,-2.0,-2.8333333333333335,0ba387c649f0f42a31bd4b0967b021ccf4c2220f,exp09_robustness_curve_20260810T091537Z.csv,adversarial_robustness
gnn_classifier,full_dbn,0.61,30,0,30,0,0,0,1.0,,30,-3.0,-4.0,-2.0,-2.8333333333333335,0ba387c649f0f42a31bd4b0967b021ccf4c2220f,exp09_robustness_curve_20260810T091537Z.csv,adversarial_robustness
gnn_classifier,full_dbn,0.63,30,0,30,0,0,0,1.0,,30,-3.0,-4.0,-2.0,-2.8333333333333335,0ba387c649f0f42a31bd4b0967b021ccf4c2220f,exp09_robustness_curve_20260810T091537Z.csv,adversarial_robustness
gnn_classifier,full_dbn,0.65,30,0,30,0,0,0,1.0,,30,-3.0,-4.0,-2.0,-2.8333333333333335,0ba387c649f0f42a31bd4b0967b021ccf4c2220f,exp09_robustness_curve_20260810T091537Z.csv,adversarial_robustness
gnn_classifier,full_dbn,0.67,30,0,30,0,0,0,1.0,,30,-3.0,-4.0,-2.0,-2.8333333333333335,0ba387c649f0f42a31bd4b0967b021ccf4c2220f,exp09_robustness_curve_20260810T091537Z.csv,adversarial_robustness
gnn_classifier,full_dbn,0.69,30,0,30,0,0,0,1.0,,30,-3.0,-4.0,-2.0,-2.8333333333333335,0ba387c649f0f42a31bd4b0967b021ccf4c2220f,exp09_robustness_curve_20260810T091537Z.csv,adversarial_robustness
gnn_classifier,full_dbn,0.71,30,0,30,0,0,0,1.0,,30,-3.0,-4.0,-2.0,-2.8333333333333335,0ba387c649f0f42a31bd4b0967b021ccf4c2220f,exp09_robustness_curve_20260810T091537Z.csv,adversarial_robustness
gnn_classifier,full_dbn,0.73,30,0,30,0,0,0,1.0,,30,-3.0,-4.0,-2.0,-2.8333333333333335,0ba387c649f0f42a31bd4b0967b021ccf4c2220f,exp09_robustness_curve_20260810T091537Z.csv,adversarial_robustness
gnn_classifier,full_dbn,0.75,30,0,30,0,0,0,1.0,,30,-3.0,-4.0,-2.0,-2.8333333333333335,0ba387c649f0f42a31bd4b0967b021ccf4c2220f,exp09_robustness_curve_20260810T091537Z.csv,adversarial_robustness
gnn_classifier,full_dbn,0.77,30,0,30,0,0,0,1.0,,30,-3.0,-4.0,-2.0,-3.0,0ba387c649f0f42a31bd4b0967b021ccf4c2220f,exp09_robustness_curve_20260810T091537Z.csv,adversarial_robustness
gnn_classifier,full_dbn,0.79,30,0,30,0,0,0,1.0,,30,-3.0,-5.0,-3.0,-3.3,0ba387c649f0f42a31bd4b0967b021ccf4c2220f,exp09_robustness_curve_20260810T091537Z.csv,adversarial_robustness
gnn_classifier,full_dbn,0.81,30,0,30,0,0,0,1.0,,30,-3.0,-5.0,-3.0,-3.3,0ba387c649f0f42a31bd4b0967b021ccf4c2220f,exp09_robustness_curve_20260810T091537Z.csv,adversarial_robustness
gnn_classifier,full_dbn,0.83,30,0,30,0,0,0,1.0,,30,-3.0,-5.0,-3.0,-3.3666666666666667,0ba387c649f0f42a31bd4b0967b021ccf4c2220f,exp09_robustness_curve_20260810T091537Z.csv,adversarial_robustness
gnn_classifier,full_dbn,0.85,30,0,30,0,0,0,1.0,,30,-3.0,-5.0,-3.0,-3.3666666666666667,0ba387c649f0f42a31bd4b0967b021ccf4c2220f,exp09_robustness_curve_20260810T091537Z.csv,adversarial_robustness
gnn_classifier,full_dbn,0.87,30,0,30,0,0,0,1.0,,30,-3.0,-5.0,-3.0,-3.4,0ba387c649f0f42a31bd4b0967b021ccf4c2220f,exp09_robustness_curve_20260810T091537Z.csv,adversarial_robustness
gnn_classifier,full_dbn,0.89,30,0,30,0,0,0,1.0,,30,-3.0,-5.0,-3.0,-3.6,0ba387c649f0f42a31bd4b0967b021ccf4c2220f,exp09_robustness_curve_20260810T091537Z.csv,adversarial_robustness
gnn_classifier,full_dbn,0.91,30,0,30,0,0,0,1.0,,30,-4.0,-6.0,-3.0,-3.8,0ba387c649f0f42a31bd4b0967b021ccf4c2220f,exp09_robustness_curve_20260810T091537Z.csv,adversarial_robustness
gnn_classifier,full_dbn,0.93,30,0,30,0,0,0,1.0,,30,-4.0,-6.0,-3.0,-4.0,0ba387c649f0f42a31bd4b0967b021ccf4c2220f,exp09_robustness_curve_20260810T091537Z.csv,adversarial_robustness
gnn_classifier,full_dbn,0.95,30,0,30,0,0,0,1.0,,30,-4.0,-6.0,-3.0,-4.033333333333333,0ba387c649f0f42a31bd4b0967b021ccf4c2220f,exp09_robustness_curve_20260810T091537Z.csv,adversarial_robustness
gnn_classifier,full_dbn,0.97,30,0,30,0,0,0,1.0,,30,-4.0,-6.0,-3.0,-4.033333333333333,0ba387c649f0f42a31bd4b0967b021ccf4c2220f,exp09_robustness_curve_20260810T091537Z.csv,adversarial_robustness
gnn_classifier,full_dbn,0.99,30,0,30,0,0,0,1.0,,30,-5.0,-7.0,-4.0,-4.966666666666667,0ba387c649f0f42a31bd4b0967b021ccf4c2220f,exp09_robustness_curve_20260810T091537Z.csv,adversarial_robustness
